<Objs Version="1.1.0.1" xmlns="http://schemas.microsoft.com/powershell/2004/04">
  <Obj RefId="0">
    <TN RefId="0">
      <T>Microsoft.PowerShell.Commands.PSRepositoryItemInfo</T>
      <T>System.Management.Automation.PSCustomObject</T>
      <T>System.Object</T>
    </TN>
    <MS>
      <S N="Name">nxNetworking</S>
      <S N="Version">1.1</S>
      <S N="Type">Module</S>
      <S N="Description">Module with DSC Networking Resources for Linux</S>
      <S N="Author">Microsoft Corporation</S>
      <S N="CompanyName">MSFT_OSTC</S>
      <S N="Copyright">(c) 2015 Microsoft Corporation. All rights reserved.</S>
      <DT N="PublishedDate">2015-09-29T22:26:16-07:00</DT>
      <Nil N="InstalledDate" />
      <Nil N="UpdatedDate" />
      <Nil N="LicenseUri" />
      <Nil N="ProjectUri" />
      <Nil N="IconUri" />
      <Obj N="Tags" RefId="1">
        <TN RefId="1">
          <T>System.Object[]</T>
          <T>System.Array</T>
          <T>System.Object</T>
        </TN>
        <LST>
          <S>PSModule</S>
        </LST>
      </Obj>
      <Obj N="Includes" RefId="2">
        <TN RefId="2">
          <T>System.Collections.Hashtable</T>
          <T>System.Object</T>
        </TN>
        <DCT>
          <En>
            <S N="Key">Cmdlet</S>
            <Obj N="Value" RefId="3">
              <TNRef RefId="1" />
              <LST />
            </Obj>
          </En>
          <En>
            <S N="Key">Workflow</S>
            <Ref N="Value" RefId="3" />
          </En>
          <En>
            <S N="Key">Command</S>
            <Ref N="Value" RefId="3" />
          </En>
          <En>
            <S N="Key">DscResource</S>
            <Ref N="Value" RefId="3" />
          </En>
          <En>
            <S N="Key">RoleCapability</S>
            <Ref N="Value" RefId="3" />
          </En>
          <En>
            <S N="Key">Function</S>
            <Ref N="Value" RefId="3" />
          </En>
        </DCT>
      </Obj>
      <Nil N="PowerShellGetFormatVersion" />
      <Nil N="ReleaseNotes" />
      <Obj N="Dependencies" RefId="4">
        <TNRef RefId="1" />
        <LST />
      </Obj>
      <S N="RepositorySourceLocation">https://www.powershellgallery.com/api/v2</S>
      <S N="Repository">PSGallery</S>
      <S N="PackageManagementProvider">NuGet</S>
      <Obj N="AdditionalMetadata" RefId="5">
        <TN RefId="3">
          <T>System.Management.Automation.PSCustomObject</T>
          <T>System.Object</T>
        </TN>
        <MS>
          <S N="copyright">(c) 2015 Microsoft Corporation. All rights reserved.</S>
          <S N="description">Module with DSC Networking Resources for Linux</S>
          <S N="requireLicenseAcceptance">False</S>
          <S N="isLatestVersion">True</S>
          <S N="isAbsoluteLatestVersion">True</S>
          <S N="versionDownloadCount">1260</S>
          <S N="downloadCount">1274</S>
          <S N="packageSize">1093979</S>
          <S N="published">9/29/2015 10:26:16 PM -07:00</S>
          <S N="created">9/29/2015 10:26:16 PM -07:00</S>
          <S N="lastUpdated">4/1/2021 8:18:44 AM -07:00</S>
          <S N="tags">PSModule</S>
          <S N="developmentDependency">False</S>
          <S N="updated">2021-04-01T08:18:44Z</S>
          <S N="NormalizedVersion">1.1.0</S>
          <S N="Authors">Microsoft Corporation</S>
          <S N="IsPrerelease">false</S>
          <S N="ItemType">Module</S>
          <S N="FileList">nxNetworking.nuspec|nxNetworking.psd1|DSCResources\MSFT_nxDNSServerAddressResource\MSFT_nxDNSServerAddressResource.reg|DSCResources\MSFT_nxDNSServerAddressResource\MSFT_nxDNSServerAddressResource.schema.mof|DSCResources\MSFT_nxDNSServerAddressResource\x64\libMSFT_nxDNSServerAddressResource.so|DSCResources\MSFT_nxDNSServerAddressResource\x64\Scripts\2.4x-2.5x\Scripts\nxDNSServerAddress.py|DSCResources\MSFT_nxDNSServerAddressResource\x64\Scripts\2.6x-2.7x\Scripts\nxDNSServerAddress.py|DSCResources\MSFT_nxDNSServerAddressResource\x64\Scripts\3.x\Scripts\nxDNSServerAddress.py|DSCResources\MSFT_nxDNSServerAddressResource\x86\libMSFT_nxDNSServerAddressResource.so|DSCResources\MSFT_nxDNSServerAddressResource\x86\Scripts\2.4x-2.5x\Scripts\nxDNSServerAddress.py|DSCResources\MSFT_nxDNSServerAddressResource\x86\Scripts\2.6x-2.7x\Scripts\nxDNSServerAddress.py|DSCResources\MSFT_nxDNSServerAddressResource\x86\Scripts\3.x\Scripts\nxDNSServerAddress.py|DSCResources\MSFT_nxFirewallResource\MSFT_nxFirewallResource.reg|DSCResources\MSFT_nxFirewallResource\MSFT_nxFirewallResource.schema.mof|DSCResources\MSFT_nxFirewallResource\x64\libMSFT_nxFirewallResource.so|DSCResources\MSFT_nxFirewallResource\x64\Scripts\2.4x-2.5x\Scripts\nxFirewall.py|DSCResources\MSFT_nxFirewallResource\x64\Scripts\2.6x-2.7x\Scripts\nxFirewall.py|DSCResources\MSFT_nxFirewallResource\x64\Scripts\3.x\Scripts\nxFirewall.py|DSCResources\MSFT_nxFirewallResource\x86\libMSFT_nxFirewallResource.so|DSCResources\MSFT_nxFirewallResource\x86\Scripts\2.4x-2.5x\Scripts\nxFirewall.py|DSCResources\MSFT_nxFirewallResource\x86\Scripts\2.6x-2.7x\Scripts\nxFirewall.py|DSCResources\MSFT_nxFirewallResource\x86\Scripts\3.x\Scripts\nxFirewall.py|DSCResources\MSFT_nxIPAddressResource\MSFT_nxIPAddressResource.reg|DSCResources\MSFT_nxIPAddressResource\MSFT_nxIPAddressResource.schema.mof|DSCResources\MSFT_nxIPAddressResource\x64\libMSFT_nxIPAddressResource.so|DSCResources\MSFT_nxIPAddressResource\x64\Scripts\2.4x-2.5x\Scripts\nxIPAddress.py|DSCResources\MSFT_nxIPAddressResource\x64\Scripts\2.6x-2.7x\Scripts\nxIPAddress.py|DSCResources\MSFT_nxIPAddressResource\x64\Scripts\3.x\Scripts\nxIPAddress.py|DSCResources\MSFT_nxIPAddressResource\x86\libMSFT_nxIPAddressResource.so|DSCResources\MSFT_nxIPAddressResource\x86\Scripts\2.4x-2.5x\Scripts\nxIPAddress.py|DSCResources\MSFT_nxIPAddressResource\x86\Scripts\2.6x-2.7x\Scripts\nxIPAddress.py|DSCResources\MSFT_nxIPAddressResource\x86\Scripts\3.x\Scripts\nxIPAddress.py</S>
        </MS>
      </Obj>
      <S N="InstalledLocation">D:\Repos\ADF\ADF\1-PrereqsToDeploy\DSCResources\nxNetworking\1.1</S>
    </MS>
  </Obj>
</Objs>
