{
  "$schema": "https://schema.management.azure.com/schemas/2015-01-01/deploymentParameters.json#",
  "contentVersion": "1.0.0.0",
  "parameters": {
    "Prefix": {
      "value": "ACU1"
    },
    "Environment": {
      "value": "D"
    },
    "DeploymentID": {
      "value": "3"
    },
    "Stage": {
      "value": {
        "RG": 1,
        "RBAC": 1,
        "UAI": 1,
        "SP": 1,
        "KV": 1,
        "OMS": 1,
        "OMSSolutions": 1,
        "OMSDataSources": 1,
        "OMSUpdateWeekly": 0,
        "OMSUpdateMonthly": 0,
        "SA": 1,
        "CDN": 0,
        "StorageSync": 0,
        "RSV": 1,
        "NSG": 1,
        "NetworkWatcher": 0,
        "FlowLogs": 1,
        "VNet": 1,
        "VNetPeering": 1,
        "DNSPublicZone": 0,
        "DNSPrivateZone": 0,
        "LinkPrivateDns": 0,
        "PrivateLink": 1,
        "BastionHost": 0,
        "RT": 0,
        "FW": 0,
        "VNGW": 0,
        "NATGW": 0,
        "ERGW": 0,
        "ADPrimary": 0,
        "ADSecondary": 0,
        "LB": 1,
        "InitialDOP": 0,
        "VMApp": 1,
        "VMAppLinux": 0,
        "VMSQL": 0,
        "VMFILE": 0,
        "VMSS": 1,
        "WAFPOLICY": 1,
        "FRONTDOOR": 1,
        "WAF": 1,
        "SetExternalDNS": 1,
        "SetInternalDNS": 1,
        "APPCONFIG": 0,
        "REDIS": 0,
        "APIM": 0,
        "ACR": 0,
        "ACI": 1,
        "AKS": 0,
        "SQLMI": 0,
        "CosmosDB": 0,
        "DASHBOARD": 0,
        "ServerFarm": 0,
        "WebSite": 0,
        "WebSiteContainer": 0,
        "ManagedEnv": 0,
        "ContainerApp": 0,
        "MySQLDB": 0,
        "Function": 0,
        "SB": 0,
        "AzureSYN": 0,
        "AzureSQL": 0
      }
    },
    "Extensions": {
      "value": {
        "MonitoringAgent": 1,
        "IaaSDiagnostics": 1,
        "DependencyAgent": 1,
        "AzureMonitorAgent": 1,
        "GuestHealthAgent": 1,
        "VMInsights": 1,
        "AdminCenter": 1,
        "BackupWindowsWorkloadSQL": 0,
        "DSC": 1,
        "GuestConfig": 1,
        "Scripts": 1,
        "MSI": 1,
        "CertMgmt": 0,
        "DomainJoin": 1,
        "AADLogin": 0,
        "WindowsOpenSSH": 0,
        "Antimalware": 1,
        "VMSSAzureADEnabled": 1,
        "SqlIaasExtension": 0,
        "AzureDefender": 0
      }
    },
    "DeploymentInfo": {
      "value": {
        "uaiInfo": [
          {
            "name": "IngressApplicationGateway",
            "RBAC": [
              {
                "Name": "Private DNS Zone Contributor",
                "RG": "P0",
                "Tenant": "AOA"
              },
              {
                "Name": "Key Vault Certificates Officer",
                "RG": "P0",
                "Tenant": "AOA"
              },
              {
                "Name": "Key Vault Secrets User",
                "RG": "P0",
                "Tenant": "AOA"
              },
              {
                "Name": "Network Contributor"
              }
            ]
          },
          {
            "name": "NetworkContributor",
            "RBAC": [
              {
                "Name": "Network Contributor"
              }
            ]
          },
          {
            "name": "StorageAccountFileContributor",
            "RBAC": [
              {
                "Name": "Storage File Data SMB Share Contributor",
                "RG": "G1",
                "Prefix": "ACU1",
                "Tenant": "AOA"
              },
              {
                "Name": "Storage Blob Data Contributor",
                "RG": "G1",
                "Prefix": "ACU1",
                "Tenant": "AOA"
              },
              {
                "Name": "Storage Queue Data Contributor",
                "RG": "G1",
                "Prefix": "ACU1",
                "Tenant": "AOA"
              }
            ]
          },
          {
            "name": "StorageAccountOperatorGlobal",
            "RBAC": [
              {
                "Name": "Storage Account Key Operator Service Role",
                "RG": "G1",
                "Prefix": "ACU1",
                "Tenant": "AOA"
              }
            ]
          },
          {
            "name": "KeyVaultSecretsGet",
            "RBAC": [
              {
                "Name": "Key Vault Secrets User",
                "RG": "P0",
                "Tenant": "AOA"
              }
            ]
          },
          {
            "name": "StorageAccountOperator",
            "RBAC": [
              {
                "Name": "Storage Account Key Operator Service Role"
              }
            ]
          },
          {
            "name": "StorageAccountContributor",
            "RBAC": [
              {
                "Name": "Storage Blob Data Contributor"
              },
              {
                "Name": "Storage Queue Data Contributor"
              }
            ]
          }
        ],
        "rolesInfo": [
          {
            "Name": "BW",
            "RBAC": [
              {
                "Name": "Contributor"
              },
              {
                "Name": "Key Vault Administrator"
              },
              {
                "Name": "Virtual Machine Administrator Login"
              },
              {
                "Name": "Azure Kubernetes Service RBAC Cluster Admin"
              }
            ]
          },
          {
            "Name": "AzureKeyVault",
            "RBAC": [
              {
                "Name": "Storage Account Key Operator Service Role"
              }
            ]
          },
          {
            "Name": "sec-scan-acr",
            "RBAC": [
              {
                "Name": "Reader"
              }
            ]
          }
        ],
        "SPInfo": [
          {
            "Name": "ADO_{ADOProject}_{RGNAME}",
            "RBAC": [
              {
                "Name": "ACRPush"
              },
              {
                "Name": "Azure Kubernetes Service RBAC Cluster Admin"
              }
            ]
          },
          {
            "Name": "GH_{GHProject}_{RGNAME}",
            "RBAC": [
              {
                "Name": "Contributor"
              },
              {
                "Name": "User Access Administrator"
              },
              {
                "Name": "Reader and Data Access",
                "RG": "G1",
                "Tenant": "AOA"
              },
              {
                "Name": "Storage Account Key Operator Service Role",
                "RG": "G1",
                "Tenant": "AOA"
              },
              {
                "Name": "Log Analytics Contributor",
                "RG": "G1",
                "Tenant": "AOA"
              },
              {
                "Name": "Automation_Account_Contributor",
                "RG": "P0",
                "Tenant": "AOA"
              },
              {
                "Name": "Key_Vault_Reader",
                "RG": "P0",
                "Tenant": "AOA"
              },
              {
                "Name": "Key Vault Secrets User",
                "RG": "P0",
                "Tenant": "AOA"
              },
              {
                "Name": "Network Contributor",
                "RG": "P0",
                "Tenant": "AOA"
              },
              {
                "Name": "DNS Zone Contributor",
                "RG": "P0",
                "Tenant": "AOA"
              },
              {
                "Name": "DNS Zone Contributor",
                "RG": "P0",
                "Tenant": "AOA",
                "PREFIX": "AEU2"
              }
            ]
          }
        ],
        "SubnetInfo": [
          {
            "name": "snWAF01",
            "prefix": "0/27",
            "NSG": 1,
            "FlowLogEnabled": 1,
            "FlowAnalyticsEnabled": 1
          },
          {
            "name": "snFE01",
            "prefix": "32/27",
            "NSG": 1,
            "FlowLogEnabled": 1,
            "FlowAnalyticsEnabled": 1
          },
          {
            "name": "snBE02",
            "prefix": "64/28",
            "NSG": 1,
            "Route": 1,
            "FlowLogEnabled": 1,
            "FlowAnalyticsEnabled": 1
          },
          {
            "name": "snBE01", // APIM Dedicated
            "prefix": "80/28",
            "NSG": 1,
            "Route": 1,
            "FlowLogEnabled": 1,
            "FlowAnalyticsEnabled": 1
          },
          {
            "name": "AzureBastionSubnet",
            "prefix": "96/27",
            "NSG": 1,
            "FlowLogEnabled": 1,
            "FlowAnalyticsEnabled": 1
          },
          {
            "name": "snMT01",
            "prefix": "128/25",
            "NSG": 1,
            "Route": 0,
            "FlowLogEnabled": 1,
            "FlowAnalyticsEnabled": 1
            // "delegations": "Microsoft.ContainerInstance/containerGroups"
          },
          {
            "name": "snMT02",
            "prefix": "0/24",
            "NSG": 1,
            "Route": 1,
            "FlowLogEnabled": 1,
            "FlowAnalyticsEnabled": 1
          }
        ],
        "saInfo": [
          {
            "name": "diag",
            "skuName": "Standard_LRS",
            "allNetworks": 0,
            "logging": {
              "r": 0,
              "w": 0,
              "d": 1
            },
            "blobVersioning": 1,
            "changeFeed": 1,
            "softDeletePolicy": {
              "enabled": 1,
              "days": 7
            }
          },
          {
            "name": "data",
            "skuName": "Standard_LRS",
            "allNetworks": 1,
            "logging": {
              "r": 0,
              "w": 0,
              "d": 1
            },
            "blobVersioning": 1,
            "changeFeed": 1,
            "softDeletePolicy": {
              "enabled": 1,
              "days": 7
            },
            "fileShares": [
              {
                "name": "locust",
                "quota": 5120
              }
            ],
            "containers": [
              "locust"
            ]
          }
        ],
        "KVInfo": [
          {
            "Name": "App01",
            "skuName": "standard",
            "softDelete": true,
            "PurgeProtection": true,
            "RbacAuthorization": true,
            "UserAssignedIdentity": {
              "name": "KeyVaultSecretsGetApp",
              "permission": "SecretsGetAndList"
            },
            "allNetworks": 1,
            "PrivateLinkInfo": [
              {
                "Subnet": "snFE01",
                "groupID": "vault"
              }
            ]
          }
        ],
        "ACIInfo": [
          {
            "Name": "locust-master",
            "registerDNS": 1,
            "isPublic": 1,
            "scaleCount": 1,
            "InstanceCount": 1,
            "memoryInGB": 1,
            "cpu": 1,
            "image": "locustio/locust:1.4.4",
            "ports": [
              5557,
              8089
            ],
            "command": [
              "locust"
            ],
            //  https://docs.locust.io/en/stable/configuration.html#all-available-configuration-options
            "environmentVariables": [
              {
                "Name": "LOCUST_LOCUSTFILE",
                "value": "/home/locust/locust/locustfile.py"
              },
              {
                "Name": "LOCUST_MODE_MASTER",
                "value": "true"
              },
              {
                "Name": "LOCUST_WEB_AUTH",
                "secureValue": "locust:{WebUser}"
              },
              {
                "Name": "LOCUST_CSV",
                "value": "true"
              },
              {
                "Name": "LOCUST_CSV_FULL_HISTORY",
                "value": "true"
              },
              {
                "Name": "LOCUST_HTML",
                "value": "true"
              },
              {
                "Name": "LOCUST_HOST",
                "value": "https://acu1-brw-aoa-d3-api03.psthing.com"
              },
              {
                "Name": "LOCUST_LOGLEVEL",
                "value": "DEBUG"
              },
              {
                "Name": "LOCUST_SPAWN_RATE",
                "value": "20"
              },
              {
                "Name": "LOCUST_USERS",
                "value": "4000"
              },
              // {
              //   "Name": "LOCUST_RUN_TIME",  // automated tests only
              //   "secureValue": "15m"
              // },
              // {
              //   "Name": "LOCUST_HEADLESS",  // automated tests only
              //   "secureValue": "true"
              // },
              {
                "Name": "LOCUST_TLS_KEY",
                "value": "/home/locust/locust/psthing-wildcard-decrypted.key"
              },
              {
                "Name": "LOCUST_TLS_CERT",
                "value": "/home/locust/locust/psthing-wildcard.crt"
              }
            ],
            "volumeMounts": [
              {
                "name": "locust",
                "mountPath": "/home/locust/locust",
                "storageAccount": "data"
              }
            ]
          },
          {
            "Name": "locust-worker",
            "scaleCount": 1,
            "InstanceCount": 99,
            "memoryInGB": 0.3,
            "cpu": 0.3,
            "isPublic": 1,
            "image": "locustio/locust:1.4.4",
            "ports": [
              8089
            ],
            "command": [
              "locust"
            ],
            "locations": [
              "centralus"
              // "eastus2",
              // "westus2"
            ],
            "environmentVariables": [
              {
                "Name": "LOCUST_LOCUSTFILE",
                "value": "/home/locust/locust/locustfile.py"
              },
              {
                "Name": "LOCUST_MODE_WORKER",
                "value": "true"
              },
              {
                "Name": "LOCUST_MASTER_NODE_HOST",
                "value": "{Deployment}-aci-locust-master-0.centralus.azurecontainer.io"
              }
            ],
            "volumeMounts": [
              {
                "name": "locust",
                "mountPath": "/home/locust/locust",
                "storageAccount": "data"
              }
            ]
          }
        ],
        "frontDoorInfo": [
          {
            "name": "01",
            "_afdverify": "AOA",
            "services": [
              {
                "Name": "PLB01", // acu1-BRW-AOA-s1-afd 01 - apim01 .psthing.com
                "BEAddress": [
                  {
                    "address": "{Deployment}-api01.{Domain}"
                  }
                ],
                "ProbeName": "probe02",
                "LBSettings": "balance01",
                "sessionAffinityEnabledState": "Disabled",
                "EnableSSL": 1, // _ to rename to disable after initial deployment
                "patternsToMatch": [
                  "/api/headers",
                  "/*"
                ]
              },
              {
                // Default (front end) Service is Required, add backend as well for ability to test FE.
                "Name": "Default",
                "BEAddress": [
                  {
                    "address": "portal.azure.com"
                  }
                ],
                "ProbeName": "probe01",
                "LBSettings": "balance01",
                "sessionAffinityEnabledState": "Disabled",
                "patternsToMatch": [
                  "/*"
                ]
              }
            ],
            "probes": [
              {
                "Name": "probe01",
                "ProbePath": "/",
                "probeMethod": "GET"
              },
              {
                "Name": "probe02",
                "ProbePath": "/api/headers",
                "probeMethod": "GET" // Head | Get
              }
            ],
            "LBSettings": [
              {
                "Name": "balance01",
                "sampleSize": 4,
                "successfulSamplesRequired": 2,
                "additionalLatencyMilliseconds": 0
              }
            ]
          },
          {
            "name": "02",
            "_afdverify": "AOA",
            "services": [
              {
                "Name": "GW01", // acu1-BRW-AOA-s1-afd 01 - apim01 .psthing.com
                "BEAddress": [
                  {
                    "address": "{Deployment}-api02.{Domain}",
                    "hostheader": "{Deployment}-api02.{Domain}",
                    "weight": 50
                  },
                  {
                    "address": "{Deployment}-api03.{Domain}",
                    "weight": 50
                  }
                ],
                "ProbeName": "probe02",
                "LBSettings": "balance01",
                "sessionAffinityEnabledState": "Disabled",
                "EnableSSL": 1, // _ to rename to disable after initial deployment
                "patternsToMatch": [
                  "/api/headers",
                  "/*"
                ]
              },
              {
                "Name": "Default",
                "BEAddress": [
                  {
                    "address": "portal.azure.com"
                  }
                ],
                "ProbeName": "probe01",
                "LBSettings": "balance01",
                "sessionAffinityEnabledState": "Disabled",
                "patternsToMatch": [
                  "/*"
                ]
              }
            ],
            "probes": [
              {
                "Name": "probe01",
                "ProbePath": "/",
                "probeMethod": "GET"
              },
              {
                "Name": "probe02",
                "ProbePath": "/api/headers",
                "probeMethod": "GET"
              }
            ],
            "LBSettings": [
              {
                "Name": "balance01",
                "sampleSize": 4,
                "successfulSamplesRequired": 2,
                "additionalLatencyMilliseconds": 0
              }
            ]
          }
        ],
        "Appservers": {
          "AppServers": [
            {
              "Name": "JMP01",
              "Role": "JMP",
              "ASName": "JMP",
              "DDRole": "64GB",
              "OSType": "Server2019",
              "ExcludeAdminCenter": 1,
              "_HotPatch": true,
              "Zone": 1,
              "NICs": [
                {
                  "Subnet": "FE01",
                  "Primary": 1,
                  "FastNic": 1,
                  "PublicIP": "Static",
                  "StaticIP": "62"
                }
              ]
            },
            {
              "Name": "JMP02",
              "Role": "JMP",
              "ASName": "JMP",
              "DDRole": "64GB",
              "OSType": "Server2022",
              "ExcludeAdminCenter": 1,
              "_HotPatch": true,
              "Zone": 1,
              "NICs": [
                {
                  "Subnet": "FE01",
                  "Primary": 1,
                  "FastNic": 1,
                  "PublicIP": "Static",
                  "StaticIP": "61"
                }
              ]
            }
          ],
          "AppServersLinux": [
            {
              "Name": "LIN01",
              "Role": "LIN",
              "ASName": "LIN",
              "DDRole": "64GB",
              "OSType": "CentOS75",
              "NICs": [
                {
                  "Subnet": "FE01",
                  "Primary": 1,
                  "FastNic": 1,
                  "StaticIP": "59",
                  "PublicIP": "Static"
                }
              ]
            }
          ]
        },
        "LBInfo": [
          {
            "Name": "PLB01",
            "Zone": 1,
            "ASName": "PLB01",
            "Sku": "Standard",
            "Type": "Public",
            "BackEnd": [
              "PLB01"
            ],
            "FrontEnd": [
              {
                "LBFEName": "PLB01",
                "PublicIP": "Static"
                // "zones": [
                //   "1"
                // ]
              }
            ],
            "_outboundRules": [
              {
                "LBFEName": "PLB01",
                "allocatedOutboundPorts": 1024,
                "idleTimeoutInMinutes": 4,
                "enableTcpReset": true,
                "protocol": "All"
              }
            ],
            "NATPools": [
              {
                "Name": "RDP",
                "frontendPortRangeStart": 3389,
                "frontendPortRangeEnd": 4500,
                "enableFloatingIP": false,
                "backendPort": 3389,
                "idleTimeoutInMinutes": 4,
                "protocol": "Tcp",
                "LBFEName": "PLB01"
              }
            ],
            "Probes": [
              {
                "ProbeName": "HTTP",
                "LBBEProbePort": 80
              },
              {
                "ProbeName": "HTTPS",
                "LBBEProbePort": 443
              }
            ],
            "Services": [
              {
                "LBFEName": "PLB01",
                "LBBEName": "PLB01",
                "RuleName": "API-HTTP",
                "LBFEPort": 80,
                "LBBEPort": 80,
                "ProbeName": "HTTP",
                "DirectReturn": false
              },
              {
                "LBFEName": "PLB01",
                "LBBEName": "PLB01",
                "RuleName": "API-HTTPS",
                "LBFEPort": 443,
                "LBBEPort": 443,
                "ProbeName": "HTTPS",
                "DirectReturn": false
              }
            ]
          },
          {
            "Name": "API",
            "ASName": "API",
            "Sku": "Standard",
            "Type": "Private",
            "BackEnd": [
              "API"
            ],
            "FrontEnd": [
              {
                "LBFEName": "API",
                "SNName": "MT02",
                "LBFEIP": "254"
                // "zones": [
                //   "1"
                // ]
              }
            ],
            "NATPools": [
              {
                "Name": "RDP",
                "frontendPortRangeStart": 3389,
                "frontendPortRangeEnd": 4500,
                "enableFloatingIP": false,
                "backendPort": 3389,
                "idleTimeoutInMinutes": 4,
                "protocol": "Tcp",
                "LBFEName": "API"
              }
            ],
            "Probes": [
              {
                "ProbeName": "HTTP",
                "LBBEProbePort": 80
              },
              {
                "ProbeName": "HTTPS",
                "LBBEProbePort": 443
              }
            ],
            "Services": [
              {
                "LBFEName": "API",
                "LBBEName": "API",
                "RuleName": "API-HTTP",
                "LBFEPort": 80,
                "LBBEPort": 80,
                "ProbeName": "HTTP",
                "DirectReturn": false
              },
              {
                "LBFEName": "API",
                "LBBEName": "API",
                "RuleName": "API-HTTPS",
                "LBFEPort": 443,
                "LBBEPort": 443,
                "ProbeName": "HTTPS",
                "DirectReturn": false
              }
            ]
          }
        ],
        "AppServersVMSS": [
          {
            "Name": "API",
            "AutoScale": true,
            "PredictiveScale": "Enabled",
            "saname": "data",
            "Role": "API",
            "ASNAME": "API",
            "DDRole": "64GBSS",
            "OSType": "Server2019Containerssmall",
            "Subnet": "MT02",
            "LB": "API",
            "NATName": [
              "RDP"
            ],
            "zones": [
              "1"
            ],
            "LBBE": [
              "API"
            ],
            "_WAFBE": [
              "API02"
            ],
            "NICs": [
              {
                "Subnet": "FE01",
                "Primary": 1,
                "FastNic": 1,
                "PublicIP": 0
              }
            ],
            "AutoScalecapacity": {
              "minimum": "3",
              "maximum": "9",
              "default": "3"
            },
            "Health": {
              "protocol": "https",
              "port": "443",
              "requestPath": "/api/headers"
            },
            "IsPrimary": true,
            "durabilityLevel": "Bronze",
            "placementProperties": {
              "OSType": "Server2016SS",
              "NodeKind": "API01"
            }
          },
          {
            "Name": "API01",
            "AutoScale": true,
            "PredictiveScale": "Enabled",
            "saname": "data",
            "Role": "API",
            "ASNAME": "API",
            "DDRole": "64GBSS",
            "OSType": "Server2019Containerssmall",
            "Subnet": "MT01",
            "NATName": "RDP",
            "zones": [
              "1"
            ],
            "LBBE": [
              "PLB01"
            ],
            "_WAFBE": [
              "API02"
            ],
            "NICs": [
              {
                "Subnet": "FE01",
                "Primary": 1,
                "FastNic": 1,
                "PublicIP": 0
              }
            ],
            "AutoScalecapacity": {
              "minimum": "3",
              "maximum": "9",
              "default": "3"
            },
            "Health": {
              "protocol": "https",
              "port": "443",
              "requestPath": "/api/headers"
            },
            "IsPrimary": true,
            "durabilityLevel": "Bronze",
            "placementProperties": {
              "OSType": "Server2016SS",
              "NodeKind": "API01"
            }
          },
          {
            "Name": "API02",
            "AutoScale": true,
            "PredictiveScale": "Enabled",
            "saname": "data",
            "Role": "API",
            "ASNAME": "API",
            "DDRole": "64GBSS",
            "OSType": "Server2019Containerssmall",
            "Subnet": "MT02",
            "NATName": "RDP",
            // "zones": [
            //   "1"
            // ],
            "_LBBE": [
              "PLB01"
            ],
            "WAFBE": [
              "API02"
            ],
            "NICs": [
              {
                "Subnet": "FE01",
                "Primary": 1,
                "FastNic": 1,
                "PublicIP": 0
              }
            ],
            "AutoScalecapacity": {
              "minimum": "3",
              "maximum": "9",
              "default": "3"
            },
            "Health": {
              "protocol": "https",
              "port": "443",
              "requestPath": "/api/headers"
            },
            "IsPrimary": true,
            "durabilityLevel": "Bronze",
            "placementProperties": {
              "OSType": "Server2016SS",
              "NodeKind": "API01"
            }
          },
          {
            "Name": "API03",
            "AutoScale": true,
            "PredictiveScale": "Enabled",
            "saname": "data",
            "Role": "API",
            "ASNAME": "API",
            "DDRole": "64GBSS",
            "OSType": "Server2019Containerssmall",
            "Subnet": "MT02",
            "NATName": "RDP",
            "zones": [
              "1"
            ],
            "_LBBE": [
              "PLB01"
            ],
            "WAFBE": [
              "API03"
            ],
            "NICs": [
              {
                "Subnet": "FE01",
                "Primary": 1,
                "FastNic": 1,
                "PublicIP": 0
              }
            ],
            "AutoScalecapacity": {
              "minimum": "3",
              "maximum": "9",
              "default": "3"
            },
            "Health": {
              "protocol": "https",
              "port": "443",
              "requestPath": "/api/headers"
            },
            "IsPrimary": true,
            "durabilityLevel": "Bronze",
            "placementProperties": {
              "OSType": "Server2016SS",
              "NodeKind": "API01"
            }
          }
        ],
        "WAFInfo": [
          {
            "Name": "API02",
            "WAFEnabled": false,
            // "WAFMode": "Detection",
            // "WAFPolicyAttached": false,
            // "WAFPolicyName": "API",
            "WAFTier": "Standard_v2",
            "WAFCapacity": 40,
            "PrivateIP": "25",
            "SSLCerts": [
              "PSTHING-WildCard"
            ],
            "commentFQDN": "for FQDNs Justuse NetBios since Domain is AddedfromGlobalParam",
            "BEIPs": [
              // "254"
            ],
            "pathRules": [],
            "probes": [
              // {
              //   "Name": "probe01",
              //   "Path": "/",
              //   "Protocol": "http",
              //   "useBE": true
              // },
              {
                "Name": "probe02",
                "Path": "/api/headers",
                "Protocol": "https",
                "useBE": false
              },
              {
                "Name": "probe03",
                "Path": "/api/headers",
                "Protocol": "http",
                "useBE": false
              }
            ],
            "frontEndPorts": [
              {
                "Port": 80
              },
              {
                "Port": 443
              }
            ],
            "BackendHttp": [
              {
                "Port": 80,
                "Protocol": "http",
                "CookieBasedAffinity": "Disabled",
                "RequestTimeout": 600,
                "probeName": "probe03"
              },
              {
                "Port": 443,
                "Protocol": "https",
                "CookieBasedAffinity": "Disabled",
                "RequestTimeout": 600,
                "probeName": "probe02"
              }
            ],
            "Listeners": [
              {
                "Port": 443,
                "BackendPort": "80",
                "Protocol": "https",
                "Cert": "PSTHING-WildCard",
                "Domain": "psthing.com",
                "Hostname": "API02",
                "Interface": "Public"
                // "pathRules": "map1"
              },
              {
                "Port": 80,
                "Protocol": "http",
                "Domain": "psthing.com",
                "Hostname": "API02",
                "Interface": "Public",
                "httpsRedirect": 1
                // "pathRules": "map1"
              }
            ]
          },
          {
            "Name": "API03",
            "WAFEnabled": false,
            // "WAFMode": "Detection",
            // "WAFPolicyAttached": false,
            // "WAFPolicyName": "API",
            "WAFTier": "Standard_v2",
            "WAFCapacity": 2,
            "PrivateIP": "27",
            "SSLCerts": [
              "PSTHING-WildCard"
            ],
            "zones": [
              "1"
            ],
            "commentFQDN": "for FQDNs Justuse NetBios since Domain is AddedfromGlobalParam",
            "BEIPs": [
              // "254"
            ],
            "pathRules": [],
            "probes": [
              // {
              //   "Name": "probe01",
              //   "Path": "/",
              //   "Protocol": "http",
              //   "useBE": true
              // },
              {
                "Name": "probe02",
                "Path": "/api/headers",
                "Protocol": "https",
                "useBE": false
              },
              {
                "Name": "probe03",
                "Path": "/api/headers",
                "Protocol": "http",
                "useBE": false
              }
            ],
            "frontEndPorts": [
              {
                "Port": 80
              },
              {
                "Port": 443
              }
            ],
            "BackendHttp": [
              {
                "Port": 80,
                "Protocol": "http",
                "CookieBasedAffinity": "Disabled",
                "RequestTimeout": 600,
                "probeName": "probe03"
              },
              {
                "Port": 443,
                "Protocol": "https",
                "CookieBasedAffinity": "Disabled",
                "RequestTimeout": 600,
                "probeName": "probe02"
              }
            ],
            "Listeners": [
              {
                "Port": 443,
                "BackendPort": "80",
                "Protocol": "https",
                "Cert": "PSTHING-WildCard",
                "Domain": "psthing.com",
                "Hostname": "API03",
                "Interface": "Public"
                // "pathRules": "map1"
              },
              {
                "Port": 80,
                "Protocol": "http",
                "Domain": "psthing.com",
                "Hostname": "API03",
                "Interface": "Public",
                "httpsRedirect": 1
                // "pathRules": "map1"
              }
            ]
          }
        ]
      }
    }
  }
}