{
  "Global": {
    "_hubSubscriptionID": "855c22ce-7a6c-468b-ac72-1d1ef4355acf",
    "OrgName": "BRW",
    "AppName": "HAA",
    "GlobalSA": {
      "name": "global"
    },
    "GlobalRG": {
      "RG": "G1"
    },
    "PrimaryLocation": "CentralUS",
    "PrimaryPrefix": "ACU1",
    "SecondaryLocation": "EastUS2",
    "SecondaryPrefix": "AEU2",
    "_IPAddressforRemoteAccess": [ // moved these to keyvault, remove "_" to use here
      "73.157.100.227/32",
      "157.100.170.101/32"
    ],
    "vmAdminUserName": "brw",
    "CertThumbprint": "45F981E30340710BFB07CCEC6CFF14C829E521D2",
    "CertName": "WildCardCert",
    "CertURLs": [
      "*.haapp.net",
      "*.contoso.com"
    ],
    "ADDomainName": "contoso.com",
    "DomainName": "haapp.net",
    "DomainNameExt": "haapp.net",
    "__DomainNameExtSubscriptionID": "855c22ce-7a6c-468b-ac72-1d1ef4355acf",
    "__DomainNameExtRG": "ACU1-BRW-HAA-RG-G1",
    "GHProject": "ADF",
    "ADOProject": "ADF",
    "AZDevOpsOrg": "AzureDeploymentFramework",
    "ServicePrincipalAdmins": [
      "BW"
    ],
    "apimPublisherEmail": "alerts@contoso.com",
    "alertRecipients": [
      "alerts@contoso.com"
    ],
    "clusterApplication": "e339d587-44e0-4d14-9d96-53eca83c3500",
    "clientApplication": "1ed6cff0-5226-4bb3-9055-096e9fc6feec",
    "sqlCredentialName": "localadmin",
    "ObjectIdLookup": {
      "BW": "c5e10b46-28bb-48da-8cec-23ca8968d53a",
      "BC": "c6c308ea-5d66-418d-8653-37d9e2feb443",
      "Microsoft.Azure.Frontdoor": "f123250b-1b9b-4b25-9ab3-1290b18a8065",
      "HA_App_SRE_Team": "30cdef8c-ac07-4adb-8d6b-b32aaf8d869c",
      "AZ_SQL_Admins": "51e0aa08-f648-461b-b4af-8d5a6e9e09aa",
      "AKS_Admins": "fe3fc890-a38c-47c4-96ce-939a28a8d55a",
      "One_Commercial_Azure_Governance": "a9078895-1595-42b1-9edc-02cfaa1995bb",
      "ADO_ADF_ACU1-BRW-HAA-RG-S1": "b33eddb4-2700-4b03-925b-b493f0eda569",
      "ADO_ADF_ACU1-BRW-HAA-RG-D3": "88660718-340e-48e3-9d1b-8e5202725038",
      "GH_ADF_ACU1-BRW-HAA-RG-P0": "8deb6f83-2b61-4e89-8d82-4c9e014624ca",
      "GH_ADF_ACU1-BRW-HAA-RG-G0": "bc8132e7-8f1b-4c20-bd86-75acb80160aa",
      "GH_ADF_ACU1-BRW-HAA-RG-G1": "437712a8-c335-4820-999c-cdb20a0a4aa5",
      "GH_ADF_ACU1-BRW-HAA-RG-S1": "3e4747f1-cfc9-417d-85f2-4159b4881ed1",
      "GH_ADF_AEU2-BRW-HAA-RG-P0": "fadfab20-f21d-4bdd-bf7d-dc5e9eb71216",
      "GH_ADF_AEU2-BRW-HAA-RG-S1": "8857d48a-df84-408e-a134-f8ed912b0307",
      "GH_ADF_ACU1-BRW-HAA-RG-D3": "da149f82-8d33-4d71-98ef-96471b0e4c93"
    }
  }
}
