<Objs Version="1.1.0.1" xmlns="http://schemas.microsoft.com/powershell/2004/04">
  <Obj RefId="0">
    <TN RefId="0">
      <T>Microsoft.PowerShell.Commands.PSRepositoryItemInfo</T>
      <T>System.Management.Automation.PSCustomObject</T>
      <T>System.Object</T>
    </TN>
    <MS>
      <S N="Name">xSmbShare</S>
      <S N="Version">2.2.0.0</S>
      <S N="Type">Module</S>
      <S N="Description">Module with DSC Resources for SmbShare area</S>
      <S N="Author">Microsoft Corporation</S>
      <S N="CompanyName">PowerShellTeam</S>
      <S N="Copyright">(c) 2013 Microsoft Corporation. All rights reserved.</S>
      <DT N="PublishedDate">2019-04-03T22:53:23-07:00</DT>
      <Nil N="InstalledDate" />
      <Nil N="UpdatedDate" />
      <URI N="LicenseUri">https://github.com/PowerShell/xSmbShare/blob/master/LICENSE</URI>
      <URI N="ProjectUri">https://github.com/PowerShell/xSmbShare</URI>
      <Nil N="IconUri" />
      <Obj N="Tags" RefId="1">
        <TN RefId="1">
          <T>System.Object[]</T>
          <T>System.Array</T>
          <T>System.Object</T>
        </TN>
        <LST>
          <S>DesiredStateConfiguration</S>
          <S>DSC</S>
          <S>DSCResourceKit</S>
          <S>DSCResource</S>
          <S>PSModule</S>
        </LST>
      </Obj>
      <Obj N="Includes" RefId="2">
        <TN RefId="2">
          <T>System.Collections.Hashtable</T>
          <T>System.Object</T>
        </TN>
        <DCT>
          <En>
            <S N="Key">Function</S>
            <Obj N="Value" RefId="3">
              <TNRef RefId="1" />
              <LST />
            </Obj>
          </En>
          <En>
            <S N="Key">RoleCapability</S>
            <Ref N="Value" RefId="3" />
          </En>
          <En>
            <S N="Key">Cmdlet</S>
            <Ref N="Value" RefId="3" />
          </En>
          <En>
            <S N="Key">DscResource</S>
            <Obj N="Value" RefId="4">
              <TNRef RefId="1" />
              <LST>
                <S>xSmbShare</S>
              </LST>
            </Obj>
          </En>
          <En>
            <S N="Key">Workflow</S>
            <Ref N="Value" RefId="3" />
          </En>
          <En>
            <S N="Key">Command</S>
            <Ref N="Value" RefId="3" />
          </En>
        </DCT>
      </Obj>
      <Nil N="PowerShellGetFormatVersion" />
      <S N="ReleaseNotes">* Improved Code logic &amp; cosmetic changes_x000D__x000A_* Update appveyor.yml to use the default template._x000D__x000A_* Added default template files .codecov.yml, .gitattributes, and .gitignore, and_x000D__x000A_  .vscode folder._x000D__x000A_* Changes to xSmbShare_x000D__x000A_  * Added support for parameter CachingMode ([issue 8](https://github.com/PowerShell/xSmbShare/issues/8))._x000D__x000A_    [Martin Vokurek (@MartinVokurek)](https://github.com/MartinVokurek)</S>
      <Obj N="Dependencies" RefId="5">
        <TNRef RefId="1" />
        <LST />
      </Obj>
      <S N="RepositorySourceLocation">https://www.powershellgallery.com/api/v2</S>
      <S N="Repository">PSGallery</S>
      <S N="PackageManagementProvider">NuGet</S>
      <Obj N="AdditionalMetadata" RefId="6">
        <TN RefId="3">
          <T>System.Management.Automation.PSCustomObject</T>
          <T>System.Object</T>
        </TN>
        <MS>
          <S N="copyright">(c) 2013 Microsoft Corporation. All rights reserved.</S>
          <S N="description">Module with DSC Resources for SmbShare area</S>
          <S N="requireLicenseAcceptance">False</S>
          <S N="releaseNotes">* Improved Code logic &amp; cosmetic changes_x000D__x000A_* Update appveyor.yml to use the default template._x000D__x000A_* Added default template files .codecov.yml, .gitattributes, and .gitignore, and_x000D__x000A_  .vscode folder._x000D__x000A_* Changes to xSmbShare_x000D__x000A_  * Added support for parameter CachingMode ([issue 8](https://github.com/PowerShell/xSmbShare/issues/8))._x000D__x000A_    [Martin Vokurek (@MartinVokurek)](https://github.com/MartinVokurek)</S>
          <S N="isLatestVersion">True</S>
          <S N="isAbsoluteLatestVersion">True</S>
          <S N="versionDownloadCount">582173</S>
          <S N="downloadCount">864402</S>
          <S N="packageSize">11944</S>
          <S N="published">4/3/2019 10:53:23 PM -07:00</S>
          <S N="created">4/3/2019 10:53:23 PM -07:00</S>
          <S N="lastUpdated">7/22/2021 8:46:07 PM -07:00</S>
          <S N="tags">DesiredStateConfiguration DSC DSCResourceKit DSCResource PSModule PSDscResource_x005F_xSmbShare PSIncludes_DscResource</S>
          <S N="developmentDependency">False</S>
          <S N="updated">2021-07-22T20:46:07Z</S>
          <S N="NormalizedVersion">2.2.0</S>
          <S N="Authors">Microsoft Corporation</S>
          <S N="IsPrerelease">false</S>
          <S N="ItemType">Module</S>
          <S N="FileList">xSmbShare.nuspec|LICENSE|README.md|xSmbShare.psd1|DscResources\MSFT_x005F_xSmbShare\MSFT_x005F_xSmbShare.psm1|DscResources\MSFT_x005F_xSmbShare\MSFT_x005F_xSmbShare.schema.mof|Tests\Unit\xSmbShare.tests.ps1</S>
          <S N="GUID">8831ca9a-3c47-4a5b-b401-29635dd24381</S>
          <S N="PowerShellVersion">4.0</S>
          <S N="CLRVersion">4.0</S>
          <S N="CompanyName">Microsoft Corporation</S>
        </MS>
      </Obj>
      <S N="InstalledLocation">D:\Repos\ADF\ADF\1-PrereqsToDeploy\DSCResources\xSmbShare\2.2.0.0</S>
    </MS>
  </Obj>
</Objs>
