<Objs Version="1.1.0.1" xmlns="http://schemas.microsoft.com/powershell/2004/04">
  <Obj RefId="0">
    <TN RefId="0">
      <T>Microsoft.PowerShell.Commands.PSRepositoryItemInfo</T>
      <T>System.Management.Automation.PSCustomObject</T>
      <T>System.Object</T>
    </TN>
    <MS>
      <S N="Name">xRemoteDesktopSessionHost</S>
      <S N="Version">2.0.0</S>
      <S N="Type">Module</S>
      <S N="Description">Module with DSC Resources for Remote Desktop Session Host</S>
      <S N="Author">DSC Community</S>
      <Obj N="CompanyName" RefId="1">
        <TN RefId="1">
          <T>System.Object[]</T>
          <T>System.Array</T>
          <T>System.Object</T>
        </TN>
        <LST>
          <S>PowerShellTeam</S>
          <S>gaelcolas</S>
          <S>dsccommunity</S>
        </LST>
      </Obj>
      <S N="Copyright">Copyright the DSC Community contributors. All rights reserved.</S>
      <DT N="PublishedDate">2020-09-29T22:58:33-07:00</DT>
      <Nil N="InstalledDate" />
      <Nil N="UpdatedDate" />
      <URI N="LicenseUri">https://github.com/dsccommunity/xRemoteDesktopSessionHost/blob/master/LICENSE</URI>
      <URI N="ProjectUri">https://github.com/dsccommunity/xRemoteDesktopSessionHost</URI>
      <URI N="IconUri">https://dsccommunity.org/images/DSC_Logo_300p.png</URI>
      <Obj N="Tags" RefId="2">
        <TNRef RefId="1" />
        <LST>
          <S>DesiredStateConfiguration</S>
          <S>DSC</S>
          <S>DSCResourceKit</S>
          <S>DSCResource</S>
          <S>PSModule</S>
        </LST>
      </Obj>
      <Obj N="Includes" RefId="3">
        <TN RefId="2">
          <T>System.Collections.Hashtable</T>
          <T>System.Object</T>
        </TN>
        <DCT>
          <En>
            <S N="Key">Function</S>
            <Obj N="Value" RefId="4">
              <TNRef RefId="1" />
              <LST />
            </Obj>
          </En>
          <En>
            <S N="Key">RoleCapability</S>
            <Ref N="Value" RefId="4" />
          </En>
          <En>
            <S N="Key">Cmdlet</S>
            <Ref N="Value" RefId="4" />
          </En>
          <En>
            <S N="Key">DscResource</S>
            <Obj N="Value" RefId="5">
              <TNRef RefId="1" />
              <LST>
                <S>xRDCertificateConfiguration</S>
                <S>xRDGatewayConfiguration</S>
                <S>xRDLicenseConfiguration</S>
                <S>xRDRemoteApp</S>
                <S>xRDServer</S>
                <S>xRDSessionCollection</S>
                <S>xRDSessionCollectionConfiguration</S>
                <S>xRDsessionDeployment</S>
              </LST>
            </Obj>
          </En>
          <En>
            <S N="Key">Workflow</S>
            <Ref N="Value" RefId="4" />
          </En>
          <En>
            <S N="Key">Command</S>
            <Ref N="Value" RefId="4" />
          </En>
        </DCT>
      </Obj>
      <Nil N="PowerShellGetFormatVersion" />
      <S N="ReleaseNotes">## [2.0.0] - 2020-09-29_x000A__x000D__x000A_### Changed_x000D__x000A__x000D__x000A_- Updated filename for CHANGELOG.MD to CHANGELOG.md_x000D__x000A__x000D__x000A_## 2.0.0_x000D__x000A__x000D__x000A_### Added_x000D__x000A__x000D__x000A_- xRemoteDesktopSessionHost_x000D__x000A_  - Added automatic release with a new CI pipeline._x000D__x000A_  - Added DSC HQRM Tests_x000D__x000A_- xRDCertificateConfiguration_x000D__x000A_  - New resource to configure the used certificate on a deployment_x000D__x000A__x000D__x000A_### Changed_x000D__x000A__x000D__x000A_- Changes to xRDSessionCollectionConfiguration_x000D__x000A_  - Fixing comparison of some RD Session Collection Configuration properties and_x000D__x000A_    supplied parameters by moving to the DscResource.Common `Test-DscParameterState` cmdlet._x000D__x000A_    ([issue #82](https://github.com/dsccommunity/xRemoteDesktopSessionHost/issues/82))._x000D__x000A_- Changes to xRDSessionDeployment_x000D__x000A_  - Fixing Get-TargetResource to target the connection broker, instead of_x000D__x000A_    assuming localhost_x000D__x000A_- Changes to xRDServer_x000D__x000A_  - Changed resouce key from Server alone to Role + Server._x000D__x000A_    This allows the resource to be used multiple times for different roles on_x000D__x000A_    the same server. (Issue #62)_x000D__x000A_- Changes to xRemoteApp_x000D__x000A_  - Fix xRDRemoteApp Test-TargetResource to not test PowerShell common parameters_x000D__x000A_- Changes to tests_x000D__x000A_  - Pin tests to use Pester v4 instead of latest (v5)_x000D__x000A__x000D__x000A_## 1.9.0.0_x000D__x000A__x000D__x000A_- Changes to xRDRemoteApp_x000D__x000A_  - Fixing typo in parameter name when calling the function ValidateCustomModeParameters (issue #50)._x000D__x000A_- Changes to xRDSessionDeployment_x000D__x000A_  - When RDMS service does not exist the Get-TargetResource will no longer throw an error (issue #47)._x000D__x000A_- Rename Tests/Unit folder to use upper case on first letter._x000D__x000A_- Update appveyor.yml to use the default template._x000D__x000A_- Added default template files .codecov.yml, .gitattributes, and .gitignore, and_x000D__x000A_  .vscode folder._x000D__x000A_- xRDSessionCollectionConfiguration:_x000D__x000A_  - Changed CollectionName variable validation max length to 256_x000D__x000A_- xRDSessionCollection_x000D__x000A_  - Changed CollectionName variable validation max length to 256_x000D__x000A_- xRDRemoteApp_x000D__x000A_  - Changed CollectionName variable validation max length to 256_x000D__x000A__x000D__x000A_## 1.8.0.0_x000D__x000A__x000D__x000A_- Changes to xRDSessionDeployment_x000D__x000A_  - Fixed issue where an initial deployment failed due to a convert to lowercase (issue #39)._x000D__x000A_  - Added unit tests to test Get, Test and Set results in this resource._x000D__x000A_- Change to xRDRemoteApp_x000D__x000A_  - Fixed issue where this resource ignored the CollectionName provided in the parameters (issue #41)._x000D__x000A_  - Changed key values in schema.mof to only Alias and CollectionName, DisplayName and FilePath are not key values._x000D__x000A_  - Added Ensure property (Absent or Present) to enable removal of RemoteApps._x000D__x000A_  - Added unit tests to test Get, Test and Set results in this resource._x000D__x000A__x000D__x000A_## 1.7.0.0_x000D__x000A__x000D__x000A_- Added additional resources, copied from the [Azure RDS quickstart templates](https://github.com/Azure/RDS-Templates)._x000D__x000A_- xRDSessionCollection:_x000D__x000A_  - Fixed call to Add-RDSessionHost in Set-TargetResource by properly removing CollectionDescription from PSBoundParameters (issue #28)_x000D__x000A_  - Fixed bug on Get-TargetResource that did return any collection instead of the one collection the user asked for (issue #27)_x000D__x000A_  - Added unit tests to test Get, Test and Set results in this resource_x000D__x000A__x000D__x000A_## 1.6.0.0_x000D__x000A__x000D__x000A_- xRDSessionCollectionConfiguration: Add support to configure UserProfileDisks on Windows Server 2016_x000D__x000A__x000D__x000A_## 1.5.0.0_x000D__x000A__x000D__x000A_- Fix issue where DSC configuration gets into a reboot loop because sessionhost does not match (casing) and RDMS service is not started in time_x000D__x000A__x000D__x000A_## 1.4.0.0_x000D__x000A__x000D__x000A_- Updated CollectionName parameter to validate length between 1 and 15 characters, and added tests to verify._x000D__x000A__x000D__x000A_## 1.3.0.0_x000D__x000A__x000D__x000A_- Converted appveyor.yml to install Pester from PSGallery instead of from Chocolatey._x000D__x000A__x000D__x000A_## 1.2.0.0_x000D__x000A__x000D__x000A_- Fixed an issue with version checks where OS version greater than 9 would fail (Windows 10/Server 2016)_x000D__x000A__x000D__x000A_## 1.1.0.0_x000D__x000A__x000D__x000A_- Fixed encoding_x000D__x000A__x000D__x000A_## 1.0.1_x000D__x000A__x000D__x000A_## 1.0.0.0_x000D__x000A__x000D__x000A_- Initial release with the following resources_x000D__x000A_  - xRDSessionDeployment_x000D__x000A_  - xRDSessionCollection_x000D__x000A_  - xRDSessionCollectionConfiguration_x000D__x000A_  - xRDRemoteApp</S>
      <Obj N="Dependencies" RefId="6">
        <TNRef RefId="1" />
        <LST />
      </Obj>
      <S N="RepositorySourceLocation">https://www.powershellgallery.com/api/v2</S>
      <S N="Repository">PSGallery</S>
      <S N="PackageManagementProvider">NuGet</S>
      <Obj N="AdditionalMetadata" RefId="7">
        <TN RefId="3">
          <T>System.Management.Automation.PSCustomObject</T>
          <T>System.Object</T>
        </TN>
        <MS>
          <S N="copyright">Copyright the DSC Community contributors. All rights reserved.</S>
          <S N="description">Module with DSC Resources for Remote Desktop Session Host</S>
          <S N="requireLicenseAcceptance">False</S>
          <S N="releaseNotes">## [2.0.0] - 2020-09-29_x000A__x000D__x000A_### Changed_x000D__x000A__x000D__x000A_- Updated filename for CHANGELOG.MD to CHANGELOG.md_x000D__x000A__x000D__x000A_## 2.0.0_x000D__x000A__x000D__x000A_### Added_x000D__x000A__x000D__x000A_- xRemoteDesktopSessionHost_x000D__x000A_  - Added automatic release with a new CI pipeline._x000D__x000A_  - Added DSC HQRM Tests_x000D__x000A_- xRDCertificateConfiguration_x000D__x000A_  - New resource to configure the used certificate on a deployment_x000D__x000A__x000D__x000A_### Changed_x000D__x000A__x000D__x000A_- Changes to xRDSessionCollectionConfiguration_x000D__x000A_  - Fixing comparison of some RD Session Collection Configuration properties and_x000D__x000A_    supplied parameters by moving to the DscResource.Common `Test-DscParameterState` cmdlet._x000D__x000A_    ([issue #82](https://github.com/dsccommunity/xRemoteDesktopSessionHost/issues/82))._x000D__x000A_- Changes to xRDSessionDeployment_x000D__x000A_  - Fixing Get-TargetResource to target the connection broker, instead of_x000D__x000A_    assuming localhost_x000D__x000A_- Changes to xRDServer_x000D__x000A_  - Changed resouce key from Server alone to Role + Server._x000D__x000A_    This allows the resource to be used multiple times for different roles on_x000D__x000A_    the same server. (Issue #62)_x000D__x000A_- Changes to xRemoteApp_x000D__x000A_  - Fix xRDRemoteApp Test-TargetResource to not test PowerShell common parameters_x000D__x000A_- Changes to tests_x000D__x000A_  - Pin tests to use Pester v4 instead of latest (v5)_x000D__x000A__x000D__x000A_## 1.9.0.0_x000D__x000A__x000D__x000A_- Changes to xRDRemoteApp_x000D__x000A_  - Fixing typo in parameter name when calling the function ValidateCustomModeParameters (issue #50)._x000D__x000A_- Changes to xRDSessionDeployment_x000D__x000A_  - When RDMS service does not exist the Get-TargetResource will no longer throw an error (issue #47)._x000D__x000A_- Rename Tests/Unit folder to use upper case on first letter._x000D__x000A_- Update appveyor.yml to use the default template._x000D__x000A_- Added default template files .codecov.yml, .gitattributes, and .gitignore, and_x000D__x000A_  .vscode folder._x000D__x000A_- xRDSessionCollectionConfiguration:_x000D__x000A_  - Changed CollectionName variable validation max length to 256_x000D__x000A_- xRDSessionCollection_x000D__x000A_  - Changed CollectionName variable validation max length to 256_x000D__x000A_- xRDRemoteApp_x000D__x000A_  - Changed CollectionName variable validation max length to 256_x000D__x000A__x000D__x000A_## 1.8.0.0_x000D__x000A__x000D__x000A_- Changes to xRDSessionDeployment_x000D__x000A_  - Fixed issue where an initial deployment failed due to a convert to lowercase (issue #39)._x000D__x000A_  - Added unit tests to test Get, Test and Set results in this resource._x000D__x000A_- Change to xRDRemoteApp_x000D__x000A_  - Fixed issue where this resource ignored the CollectionName provided in the parameters (issue #41)._x000D__x000A_  - Changed key values in schema.mof to only Alias and CollectionName, DisplayName and FilePath are not key values._x000D__x000A_  - Added Ensure property (Absent or Present) to enable removal of RemoteApps._x000D__x000A_  - Added unit tests to test Get, Test and Set results in this resource._x000D__x000A__x000D__x000A_## 1.7.0.0_x000D__x000A__x000D__x000A_- Added additional resources, copied from the [Azure RDS quickstart templates](https://github.com/Azure/RDS-Templates)._x000D__x000A_- xRDSessionCollection:_x000D__x000A_  - Fixed call to Add-RDSessionHost in Set-TargetResource by properly removing CollectionDescription from PSBoundParameters (issue #28)_x000D__x000A_  - Fixed bug on Get-TargetResource that did return any collection instead of the one collection the user asked for (issue #27)_x000D__x000A_  - Added unit tests to test Get, Test and Set results in this resource_x000D__x000A__x000D__x000A_## 1.6.0.0_x000D__x000A__x000D__x000A_- xRDSessionCollectionConfiguration: Add support to configure UserProfileDisks on Windows Server 2016_x000D__x000A__x000D__x000A_## 1.5.0.0_x000D__x000A__x000D__x000A_- Fix issue where DSC configuration gets into a reboot loop because sessionhost does not match (casing) and RDMS service is not started in time_x000D__x000A__x000D__x000A_## 1.4.0.0_x000D__x000A__x000D__x000A_- Updated CollectionName parameter to validate length between 1 and 15 characters, and added tests to verify._x000D__x000A__x000D__x000A_## 1.3.0.0_x000D__x000A__x000D__x000A_- Converted appveyor.yml to install Pester from PSGallery instead of from Chocolatey._x000D__x000A__x000D__x000A_## 1.2.0.0_x000D__x000A__x000D__x000A_- Fixed an issue with version checks where OS version greater than 9 would fail (Windows 10/Server 2016)_x000D__x000A__x000D__x000A_## 1.1.0.0_x000D__x000A__x000D__x000A_- Fixed encoding_x000D__x000A__x000D__x000A_## 1.0.1_x000D__x000A__x000D__x000A_## 1.0.0.0_x000D__x000A__x000D__x000A_- Initial release with the following resources_x000D__x000A_  - xRDSessionDeployment_x000D__x000A_  - xRDSessionCollection_x000D__x000A_  - xRDSessionCollectionConfiguration_x000D__x000A_  - xRDRemoteApp</S>
          <S N="isLatestVersion">True</S>
          <S N="isAbsoluteLatestVersion">True</S>
          <S N="versionDownloadCount">64025</S>
          <S N="downloadCount">364708</S>
          <S N="packageSize">41757</S>
          <S N="published">9/29/2020 10:58:33 PM -07:00</S>
          <S N="created">9/29/2020 10:58:33 PM -07:00</S>
          <S N="lastUpdated">7/22/2021 8:46:07 PM -07:00</S>
          <S N="tags">DesiredStateConfiguration DSC DSCResourceKit DSCResource PSModule PSDscResource_x005F_xRDCertificateConfiguration PSDscResource_x005F_xRDGatewayConfiguration PSDscResource_x005F_xRDLicenseConfiguration PSDscResource_x005F_xRDRemoteApp PSDscResource_x005F_xRDServer PSDscResource_x005F_xRDSessionCollection PSDscResource_x005F_xRDSessionCollectionConfiguration PSDscResource_x005F_xRDsessionDeployment PSIncludes_DscResource</S>
          <S N="developmentDependency">False</S>
          <S N="updated">2021-07-22T20:46:07Z</S>
          <S N="NormalizedVersion">2.0.0</S>
          <S N="Authors">DSC Community</S>
          <S N="IsPrerelease">false</S>
          <S N="ItemType">Module</S>
          <S N="FileList">xRemoteDesktopSessionHost.nuspec|xRemoteDesktopSessionHost.psd1|en-US\about_x005F_xRemoteDesktopSessionHost.help.txt|Modules\xRemoteDesktopSessionHostCommon.psm1|Modules\xRemoteDesktopSessionHostCommon.psd1|DSCResources\MSFT_x005F_xRDSessionCollection\MSFT_x005F_xRDSessionCollection.psm1|DSCResources\MSFT_x005F_xRDSessionCollection\MSFT_x005F_xRDSessionCollection.schema.mof|DSCResources\MSFT_x005F_xRDLicenseConfiguration\MSFT_x005F_xRDLicenseConfiguration.psm1|DSCResources\MSFT_x005F_xRDLicenseConfiguration\MSFT_x005F_xRDLicenseConfiguration.schema.mof|DSCResources\MSFT_x005F_xRDRemoteApp\MSFT_x005F_xRDRemoteApp.schema.mof|DSCResources\MSFT_x005F_xRDRemoteApp\MSFT_x005F_xRDRemoteApp.psm1|DSCResources\MSFT_x005F_xRDCertificateConfiguration\MSFT_x005F_xRDCertificateConfiguration.psm1|DSCResources\MSFT_x005F_xRDCertificateConfiguration\MSFT_x005F_xRDCertificateConfiguration.schema.mof|DSCResources\MSFT_x005F_xRDGatewayConfiguration\MSFT_x005F_xRDGatewayConfiguration.psm1|DSCResources\MSFT_x005F_xRDGatewayConfiguration\MSFT_x005F_xRDGatewayConfiguration.schema.mof|DSCResources\MSFT_x005F_xRDServer\MSFT_x005F_xRDServer.schema.mof|DSCResources\MSFT_x005F_xRDServer\MSFT_x005F_xRDServer.psm1|DSCResources\MSFT_x005F_xRDSessionCollectionConfiguration\MSFT_x005F_xRDSessionCollectionConfiguration.psm1|DSCResources\MSFT_x005F_xRDSessionCollectionConfiguration\MSFT_x005F_xRDSessionCollectionConfiguration.schema.mof|DSCResources\MSFT_x005F_xRDSessionDeployment\MSFT_x005F_xRDSessionDeployment.schema.mof|DSCResources\MSFT_x005F_xRDSessionDeployment\MSFT_x005F_xRDSessionDeployment.psm1|Modules\DscResource.Common\0.9.0\DscResource.Common.psd1|Modules\DscResource.Common\0.9.0\DscResource.Common.psm1|DSCResources\MSFT_x005F_xRDCertificateConfiguration\en-US\MSFT_x005F_xRDCertificateConfiguration.strings.psd1|Modules\DscResource.Common\0.9.0\en-US\DscResource.Common.strings.psd1|Modules\DscResource.Common\0.9.0\en-US\about_DscResource.Common.help.txt</S>
          <S N="GUID">b42ff085-bd2b-4232-90ba-02b4c780e2d9</S>
          <S N="PowerShellVersion">4.0</S>
          <S N="CLRVersion">4.0</S>
          <S N="CompanyName">DSC Community</S>
        </MS>
      </Obj>
      <S N="InstalledLocation">D:\Repos\ADF\ADF\1-PrereqsToDeploy\DSCResources\xRemoteDesktopSessionHost\2.0.0</S>
    </MS>
  </Obj>
</Objs>
