<Objs Version="1.1.0.1" xmlns="http://schemas.microsoft.com/powershell/2004/04">
  <Obj RefId="0">
    <TN RefId="0">
      <T>Microsoft.PowerShell.Commands.PSRepositoryItemInfo</T>
      <T>System.Management.Automation.PSCustomObject</T>
      <T>System.Object</T>
    </TN>
    <MS>
      <S N="Name">nx</S>
      <Version N="Version">1.0</Version>
      <S N="Type">Module</S>
      <S N="Description">Module with DSC Resources for Linux</S>
      <S N="Author">Microsoft Corporation</S>
      <S N="CompanyName">MSFT_OSTC</S>
      <S N="Copyright">(c) 2014 Microsoft Corporation. All rights reserved.</S>
      <DT N="PublishedDate">2015-09-25T16:20:50-07:00</DT>
      <Obj N="InstalledDate" RefId="1">
        <DT>2019-12-02T21:17:02.8299386-08:00</DT>
        <MS>
          <Obj N="DisplayHint" RefId="2">
            <TN RefId="1">
              <T>Microsoft.PowerShell.Commands.DisplayHintType</T>
              <T>System.Enum</T>
              <T>System.ValueType</T>
              <T>System.Object</T>
            </TN>
            <ToString>DateTime</ToString>
            <I32>2</I32>
          </Obj>
        </MS>
      </Obj>
      <Nil N="UpdatedDate" />
      <Nil N="LicenseUri" />
      <Nil N="ProjectUri" />
      <Nil N="IconUri" />
      <Obj N="Tags" RefId="3">
        <TN RefId="2">
          <T>System.Object[]</T>
          <T>System.Array</T>
          <T>System.Object</T>
        </TN>
        <LST>
          <S>PSModule</S>
        </LST>
      </Obj>
      <Obj N="Includes" RefId="4">
        <TN RefId="3">
          <T>System.Collections.Hashtable</T>
          <T>System.Object</T>
        </TN>
        <DCT>
          <En>
            <S N="Key">DscResource</S>
            <Obj N="Value" RefId="5">
              <TNRef RefId="2" />
              <LST />
            </Obj>
          </En>
          <En>
            <S N="Key">Cmdlet</S>
            <Ref N="Value" RefId="5" />
          </En>
          <En>
            <S N="Key">RoleCapability</S>
            <Ref N="Value" RefId="5" />
          </En>
          <En>
            <S N="Key">Function</S>
            <Ref N="Value" RefId="5" />
          </En>
          <En>
            <S N="Key">Command</S>
            <Ref N="Value" RefId="5" />
          </En>
          <En>
            <S N="Key">Workflow</S>
            <Ref N="Value" RefId="5" />
          </En>
        </DCT>
      </Obj>
      <Nil N="PowerShellGetFormatVersion" />
      <Nil N="ReleaseNotes" />
      <Obj N="Dependencies" RefId="6">
        <TNRef RefId="2" />
        <LST />
      </Obj>
      <S N="RepositorySourceLocation">https://www.powershellgallery.com/api/v2</S>
      <S N="Repository">PSGallery</S>
      <S N="PackageManagementProvider">NuGet</S>
      <Obj N="AdditionalMetadata" RefId="7">
        <TN RefId="4">
          <T>System.Management.Automation.PSCustomObject</T>
          <T>System.Object</T>
        </TN>
        <MS>
          <S N="copyright">(c) 2014 Microsoft Corporation. All rights reserved.</S>
          <S N="description">Module with DSC Resources for Linux</S>
          <S N="requireLicenseAcceptance">False</S>
          <S N="isLatestVersion">True</S>
          <S N="isAbsoluteLatestVersion">True</S>
          <S N="versionDownloadCount">47720</S>
          <S N="downloadCount">47720</S>
          <S N="packageSize">8045</S>
          <S N="published">9/25/2015 4:20:50 PM -07:00</S>
          <S N="created">9/25/2015 4:20:50 PM -07:00</S>
          <S N="lastUpdated">12/3/2019 3:58:35 AM -08:00</S>
          <S N="tags">PSModule</S>
          <S N="developmentDependency">False</S>
          <S N="updated">2019-12-03T03:58:35Z</S>
          <S N="NormalizedVersion">1.0.0</S>
          <S N="Authors">Microsoft Corporation</S>
          <S N="IsPrerelease">false</S>
          <S N="ItemType">Module</S>
          <S N="FileList">nx.nuspec|nx.psd1|Readme.txt|DSCResources\MSFT_nxArchiveResource\MSFT_nxArchiveResource.schema.mof|DSCResources\MSFT_nxEnvironmentResource\MSFT_nxEnvironmentResource.schema.mof|DSCResources\MSFT_nxFileLineResource\MSFT_nxFileLineResource.schema.mof|DSCResources\MSFT_nxFileResource\MSFT_nxFileResource.schema.mof|DSCResources\MSFT_nxGroupResource\MSFT_nxGroupResource.schema.mof|DSCResources\MSFT_nxPackageResource\MSFT_nxPackageResource.schema.mof|DSCResources\MSFT_nxScriptResource\MSFT_nxScriptResource.schema.mof|DSCResources\MSFT_nxServiceResource\MSFT_nxServiceResource.schema.mof|DSCResources\MSFT_nxSshAuthorizedKeysResource\MSFT_nxSshAuthorizedKeysResource.schema.mof|DSCResources\MSFT_nxUserResource\MSFT_nxUserResource.schema.mof</S>
        </MS>
      </Obj>
      <S N="InstalledLocation">D:\OneDrive\Documents\PowerShell\Modules\nx\1.0</S>
    </MS>
  </Obj>
</Objs>
