<Objs Version="1.1.0.1" xmlns="http://schemas.microsoft.com/powershell/2004/04">
  <Obj RefId="0">
    <TN RefId="0">
      <T>Microsoft.PowerShell.Commands.PSRepositoryItemInfo</T>
      <T>System.Management.Automation.PSCustomObject</T>
      <T>System.Object</T>
    </TN>
    <MS>
      <S N="Name">xDnsServer</S>
      <Version N="Version">1.16.0.0</Version>
      <S N="Type">Module</S>
      <S N="Description">Module with DSC Resources for DNS Server area</S>
      <S N="Author">Microsoft Corporation</S>
      <Obj N="CompanyName" RefId="1">
        <TN RefId="1">
          <T>System.Object[]</T>
          <T>System.Array</T>
          <T>System.Object</T>
        </TN>
        <LST>
          <S>PowerShellTeam</S>
          <S>gaelcolas</S>
          <S>dsccommunity</S>
        </LST>
      </Obj>
      <S N="Copyright">(c) 2014 Microsoft Corporation. All rights reserved.</S>
      <DT N="PublishedDate">2019-10-30T19:21:52-07:00</DT>
      <Obj N="InstalledDate" RefId="2">
        <DT>2020-03-28T18:20:53.9889042-07:00</DT>
        <MS>
          <Obj N="DisplayHint" RefId="3">
            <TN RefId="2">
              <T>Microsoft.PowerShell.Commands.DisplayHintType</T>
              <T>System.Enum</T>
              <T>System.ValueType</T>
              <T>System.Object</T>
            </TN>
            <ToString>DateTime</ToString>
            <I32>2</I32>
          </Obj>
        </MS>
      </Obj>
      <Nil N="UpdatedDate" />
      <URI N="LicenseUri">https://github.com/PowerShell/xDnsServer/blob/master/LICENSE</URI>
      <URI N="ProjectUri">https://github.com/PowerShell/xDnsServer</URI>
      <Nil N="IconUri" />
      <Obj N="Tags" RefId="4">
        <TNRef RefId="1" />
        <LST>
          <S>DesiredStateConfiguration</S>
          <S>DSC</S>
          <S>DSCResourceKit</S>
          <S>DSCResource</S>
          <S>PSModule</S>
        </LST>
      </Obj>
      <Obj N="Includes" RefId="5">
        <TN RefId="3">
          <T>System.Collections.Hashtable</T>
          <T>System.Object</T>
        </TN>
        <DCT>
          <En>
            <S N="Key">DscResource</S>
            <Obj N="Value" RefId="6">
              <TNRef RefId="1" />
              <LST>
                <S>MSFT_x005F_xDnsARecord</S>
                <S>MSFT_x005F_xDnsRecord</S>
                <S>MSFT_x005F_xDnsServerADZone</S>
                <S>MSFT_x005F_xDnsServerClientSubnet</S>
                <S>MSFT_x005F_xDnsServerConditionalForwarder</S>
                <S>MSFT_x005F_xDnsServerDiagnostics</S>
                <S>MSFT_x005F_xDnsServerForwarder</S>
                <S>MSFT_x005F_xDnsServerPrimaryZone</S>
                <S>MSFT_x005F_xDnsServerRootHint</S>
                <S>MSFT_x005F_xDnsServerSecondaryZone</S>
                <S>MSFT_x005F_xDnsServerSetting</S>
                <S>MSFT_x005F_xDnsServerZoneAging</S>
                <S>MSFT_x005F_xDnsServerZoneScope</S>
                <S>MSFT_x005F_xDnsServerZoneTransfer</S>
              </LST>
            </Obj>
          </En>
          <En>
            <S N="Key">RoleCapability</S>
            <Obj N="Value" RefId="7">
              <TNRef RefId="1" />
              <LST />
            </Obj>
          </En>
          <En>
            <S N="Key">Cmdlet</S>
            <Ref N="Value" RefId="7" />
          </En>
          <En>
            <S N="Key">Function</S>
            <Ref N="Value" RefId="7" />
          </En>
          <En>
            <S N="Key">Command</S>
            <Ref N="Value" RefId="7" />
          </En>
          <En>
            <S N="Key">Workflow</S>
            <Ref N="Value" RefId="7" />
          </En>
        </DCT>
      </Obj>
      <Nil N="PowerShellGetFormatVersion" />
      <S N="ReleaseNotes">* Changes to XDnsServerADZone_x000D__x000A_  * Raise an exception if `DirectoryPartitionName` is specified and `ReplicationScope` is not `Custom`._x000D__x000A_  ([issue 110](https://github.com/PowerShell/xDnsServer/issues/110))._x000D__x000A_  * Enforce the `ReplicationScope` parameter being passed to `Set-DnsServerPrimaryZone` if_x000D__x000A_  `DirectoryPartitionName` has changed._x000D__x000A_* xDnsServer:_x000D__x000A_  * OptIn to the following Dsc Resource Meta Tests:_x000D__x000A_    * Common Tests - Relative Path Length_x000D__x000A_    * Common Tests - Validate Markdown Links_x000D__x000A_    * Common Tests - Custom Script Analyzer Rules_x000D__x000A_    * Common Tests - Required Script Analyzer Rules_x000D__x000A_    * Common Tests - Flagged Script Analyzer Rules</S>
      <Obj N="Dependencies" RefId="8">
        <TNRef RefId="1" />
        <LST />
      </Obj>
      <S N="RepositorySourceLocation">https://www.powershellgallery.com/api/v2</S>
      <S N="Repository">PSGallery</S>
      <S N="PackageManagementProvider">NuGet</S>
      <Obj N="AdditionalMetadata" RefId="9">
        <TN RefId="4">
          <T>System.Management.Automation.PSCustomObject</T>
          <T>System.Object</T>
        </TN>
        <MS>
          <S N="copyright">(c) 2014 Microsoft Corporation. All rights reserved.</S>
          <S N="description">Module with DSC Resources for DNS Server area</S>
          <S N="requireLicenseAcceptance">False</S>
          <S N="releaseNotes">* Changes to XDnsServerADZone_x000D__x000A_  * Raise an exception if `DirectoryPartitionName` is specified and `ReplicationScope` is not `Custom`._x000D__x000A_  ([issue 110](https://github.com/PowerShell/xDnsServer/issues/110))._x000D__x000A_  * Enforce the `ReplicationScope` parameter being passed to `Set-DnsServerPrimaryZone` if_x000D__x000A_  `DirectoryPartitionName` has changed._x000D__x000A_* xDnsServer:_x000D__x000A_  * OptIn to the following Dsc Resource Meta Tests:_x000D__x000A_    * Common Tests - Relative Path Length_x000D__x000A_    * Common Tests - Validate Markdown Links_x000D__x000A_    * Common Tests - Custom Script Analyzer Rules_x000D__x000A_    * Common Tests - Required Script Analyzer Rules_x000D__x000A_    * Common Tests - Flagged Script Analyzer Rules</S>
          <S N="isLatestVersion">True</S>
          <S N="isAbsoluteLatestVersion">False</S>
          <S N="versionDownloadCount">41543</S>
          <S N="downloadCount">208480</S>
          <S N="packageSize">137210</S>
          <S N="published">10/30/2019 7:21:52 PM -07:00</S>
          <S N="created">10/30/2019 7:21:52 PM -07:00</S>
          <S N="lastUpdated">3/29/2020 1:18:53 AM -07:00</S>
          <S N="tags">DesiredStateConfiguration DSC DSCResourceKit DSCResource PSModule PSDscResource_MSFT_x005F_xDnsARecord PSDscResource_MSFT_x005F_xDnsRecord PSDscResource_MSFT_x005F_xDnsServerADZone PSDscResource_MSFT_x005F_xDnsServerClientSubnet PSDscResource_MSFT_x005F_xDnsServerConditionalForwarder PSDscResource_MSFT_x005F_xDnsServerDiagnostics PSDscResource_MSFT_x005F_xDnsServerForwarder PSDscResource_MSFT_x005F_xDnsServerPrimaryZone PSDscResource_MSFT_x005F_xDnsServerRootHint PSDscResource_MSFT_x005F_xDnsServerSecondaryZone PSDscResource_MSFT_x005F_xDnsServerSetting PSDscResource_MSFT_x005F_xDnsServerZoneAging PSDscResource_MSFT_x005F_xDnsServerZoneScope PSDscResource_MSFT_x005F_xDnsServerZoneTransfer PSIncludes_DscResource</S>
          <S N="developmentDependency">False</S>
          <S N="updated">2020-03-29T01:18:53Z</S>
          <S N="NormalizedVersion">1.16.0</S>
          <S N="Authors">Microsoft Corporation</S>
          <S N="IsPrerelease">false</S>
          <S N="ItemType">Module</S>
          <S N="FileList">xDnsServer.nuspec|xDnsServer.psd1|LICENSE|README.md|Misc\New-DnsServerSecondaryZone.ps1|Misc\Generate_x005F_xDnsServerSetting.ps1|Misc\New-DnsServerZoneTransfer.ps1|Misc\MockObjects\DnsServerClass.xml|Tests\Unit\MSFT_x005F_xDnsServerPrimaryZone.Tests.ps1|Tests\Unit\MSFT_x005F_xDnsServerClientSubnet.Tests.ps1|Tests\Unit\MSFT_x005F_xDnsServerForwarder.Tests.ps1|Tests\Unit\MSFT_x005F_xDnsServerRootHint.Tests.ps1|Tests\Unit\Helper.Tests.ps1|Tests\Unit\MSFT_x005F_xDnsServerSetting.Tests.ps1|Tests\Unit\MSFT_x005F_xDnsServerZoneScope.Tests.ps1|Tests\Unit\MSFT_x005F_xDnsServerADZone.Tests.ps1|Tests\Unit\MSFT_x005F_xDnsServerZoneTransfer.Tests.ps1|Tests\Unit\MSFT_x005F_xDnsServerZoneAging.Tests.ps1|Tests\Unit\MSFT_x005F_xDnsServerDiagnostics.Tests.ps1|Tests\Unit\MSFT_x005F_xDnsServerConditionalForwarder.Tests.ps1|Tests\Unit\MSFT_x005F_xDnsRecord.Tests.ps1|Tests\Integration\MSFT_x005F_xDnsServerConditionalForwarder.config.ps1|Tests\Integration\MSFT_x005F_xDnsServerDiagnostics.Integration.ps1|Tests\Integration\MSFT_x005F_xDnsServerConditionalForwarder.integration.tests.ps1|Tests\Integration\MSFT_x005F_xDnsServerDiagnostics.config.ps1|Tests\Integration\MSFT_x005F_xDnsServerSetting.Integration.ps1|Tests\Integration\MSFT_x005F_xDnsServerSetting.config.ps1|DSCResources\MSFT_x005F_xDnsServerConditionalForwarder\MSFT_x005F_xDnsServerConditionalForwarder.schema.mof|DSCResources\MSFT_x005F_xDnsServerConditionalForwarder\MSFT_x005F_xDnsServerConditionalForwarder.psm1|DSCResources\MSFT_x005F_xDnsServerDiagnostics\MSFT_x005F_xDnsServerDiagnostics.psm1|DSCResources\MSFT_x005F_xDnsServerDiagnostics\MSFT_x005F_xDnsServerDiagnostics.schema.mof|DSCResources\MSFT_x005F_xDnsServerPrimaryZone\MSFT_x005F_xDnsServerPrimaryZone.psm1|DSCResources\MSFT_x005F_xDnsServerPrimaryZone\MSFT_x005F_xDnsServerPrimaryZone.schema.mof|DSCResources\MSFT_x005F_xDnsARecord\MSFT_x005F_xDnsARecord.schema.mof|DSCResources\MSFT_x005F_xDnsARecord\MSFT_x005F_xDnsARecord.psm1|DSCResources\MSFT_x005F_xDnsServerForwarder\MSFT_x005F_xDnsServerForwarder.schema.mof|DSCResources\MSFT_x005F_xDnsServerForwarder\MSFT_x005F_xDnsServerForwarder.psm1|DSCResources\MSFT_x005F_xDnsServerZoneAging\MSFT_x005F_xDnsServerZoneAging.psm1|DSCResources\MSFT_x005F_xDnsServerZoneAging\MSFT_x005F_xDnsServerZoneAging.schema.mof|DSCResources\MSFT_x005F_xDnsServerRootHint\MSFT_x005F_xDnsServerRootHint.schema.mof|DSCResources\MSFT_x005F_xDnsServerRootHint\MSFT_x005F_xDnsServerRootHint.psm1|DSCResources\MSFT_x005F_xDnsServerSetting\MSFT_x005F_xDnsServerSetting.schema.mof|DSCResources\MSFT_x005F_xDnsServerSetting\MSFT_x005F_xDnsServerSetting.psm1|DSCResources\MSFT_x005F_xDnsServerSecondaryZone\MSFT_x005F_xDnsServerSecondaryZone.schema.mof|DSCResources\MSFT_x005F_xDnsServerSecondaryZone\MSFT_x005F_xDnsServerSecondaryZone.psm1|DSCResources\MSFT_x005F_xDnsServerZoneTransfer\MSFT_x005F_xDnsServerZoneTransfer.psm1|DSCResources\MSFT_x005F_xDnsServerZoneTransfer\MSFT_x005F_xDnsServerZoneTransfer.schema.mof|DSCResources\MSFT_x005F_xDnsServerZoneScope\MSFT_x005F_xDnsServerZoneScope.schema.mof|DSCResources\MSFT_x005F_xDnsServerZoneScope\MSFT_x005F_xDnsServerZoneScope.psm1|DSCResources\MSFT_x005F_xDnsServerClientSubnet\MSFT_x005F_xDnsServerClientSubnet.psm1|DSCResources\MSFT_x005F_xDnsServerClientSubnet\MSFT_x005F_xDnsServerClientSubnet.schema.mof|DSCResources\MSFT_x005F_xDnsRecord\MSFT_x005F_xDnsRecord.schema.mof|DSCResources\MSFT_x005F_xDnsRecord\MSFT_x005F_xDnsRecord.psm1|DSCResources\MSFT_x005F_xDnsServerADZone\MSFT_x005F_xDnsServerADZone.psm1|DSCResources\MSFT_x005F_xDnsServerADZone\MSFT_x005F_xDnsServerADZone.schema.mof|Modules\Helper\Helper.psm1|Tests\Unit\Stubs\DnsServer.psm1|DSCResources\MSFT_x005F_xDnsServerConditionalForwarder\en-US\MSFT_x005F_xDnsServerConditionalForwarder.psd1|Modules\Helper\en-us\Helper.strings.psd1</S>
          <S N="GUID">5f70e6a1-f1b2-4ba0-8276-8967d43a7ec2</S>
          <S N="PowerShellVersion">4.0</S>
          <S N="CompanyName">Microsoft Corporation</S>
        </MS>
      </Obj>
      <S N="InstalledLocation">D:\OneDrive\Documents\PowerShell\Modules\xDnsServer\1.16.0.0</S>
    </MS>
  </Obj>
</Objs>
