{
  "$schema": "https://schema.management.azure.com/schemas/2019-04-01/deploymentParameters.json#",
  "contentVersion": "1.0.0.0",
  "parameters": {
    "Prefix": {
      "value": "ACU1"
    },
    "Environment": {
      "value": "D"
    },
    "DeploymentID": {
      "value": "3"
    },
    "Stage": {
      "value": {
        "RG": 1,
        "RBAC": 1,
        "UAI": 1,
        "SP": 1,
        "KV": 1,
        "OMS": 1,
        "OMSSolutions": 0,
        "OMSDataSources": 1,
        "OMSUpdateWeekly": 0,
        "OMSUpdateMonthly": 0,
        "SA": 1,
        "CDN": 0,
        "StorageSync": 0,
        "RSV": 1,
        "NSG": 1,
        "NetworkWatcher": 0,
        "FlowLogs": 1,
        "VNet": 1,
        "VNetPeering": 1,
        "DNSPublicZone": 0,
        "DNSPrivateZone": 0,
        "LinkPrivateDns": 0,
        "PrivateLink": 1,
        "BastionHost": 1,
        "RT": 0,
        "FW": 0,
        "VNGW": 0,
        "NATGW": 1,
        "ERGW": 0,
        "ADPrimary": 0,
        "ADSecondary": 0,
        "LB": 1, //
        "InitialDOP": 0,
        "VMApp": 1, //
        "VMAppLinux": 0,
        "VMSQL": 1,  //
        "VMFILE": 0,
        "VMSS": 0,
        "WAFPOLICY": 0,
        "FRONTDOOR": 0,
        "WAF": 0,
        "SetExternalDNS": 1,
        "SetInternalDNS": 1,
        "APPCONFIG": 0,
        "REDIS": 0,
        "APIM": 0,
        "ACR": 0,
        "ACI": 0,
        "AKS": 0,
        "SQLMI": 0,
        "CosmosDB": 0,
        "DASHBOARD": 0,
        "ServerFarm": 0,
        "WebSite": 0,
        "WebSiteContainer": 0,
        "ManagedEnv": 0,
        "ContainerApp": 0,
        "MySQLDB": 0,
        "Function": 0,
        "SB": 0,
        "AzureSYN": 0,
        "AzureSQL": 0
      }
    },
    "Extensions": {
      "value": {
        "MonitoringAgent": 1,
        "IaaSDiagnostics": 1,
        "DependencyAgent": 1,
        "AzureMonitorAgent": 1,
        "GuestHealthAgent": 1,
        "VMInsights": 1,
        "AdminCenter": 0,
        "BackupWindowsWorkloadSQL": 0,
        "DSC": 1,
        "GuestConfig": 1,
        "Scripts": 1,
        "MSI": 1,
        "CertMgmt": 0,
        "DomainJoin": 1,
        "AADLogin": 0,
        "WindowsOpenSSH": 0,
        "Antimalware": 1,
        "VMSSAzureADEnabled": 0,
        "SqlIaasExtension": 0,
        "AzureDefender": 0
      }
    },
    "DeploymentInfo": {
      "value": {
        "uaiInfo": [
          {
            "name": "IngressApplicationGateway",
            "RBAC": [
              {
                "Name": "Private DNS Zone Contributor",
                "RG": "P0",
                "Tenant": "AOA"
              },
              {
                "Name": "Key Vault Certificates Officer",
                "RG": "P0",
                "Tenant": "AOA"
              },
              {
                "Name": "Key Vault Secrets User",
                "RG": "P0",
                "Tenant": "AOA"
              },
              {
                "Name": "Network Contributor"
              }
            ]
          },
          {
            "name": "NetworkContributor",
            "RBAC": [
              {
                "Name": "Network Contributor"
              }
            ]
          },
          {
            "name": "StorageAccountFileContributor",
            "RBAC": [
              {
                "Name": "Storage File Data SMB Share Contributor",
                "RG": "G1",
                "Prefix": "ACU1",
                "Tenant": "AOA"
              },
              {
                "Name": "Storage Blob Data Contributor",
                "RG": "G1",
                "Prefix": "ACU1",
                "Tenant": "AOA"
              },
              {
                "Name": "Storage Queue Data Contributor",
                "RG": "G1",
                "Prefix": "ACU1",
                "Tenant": "AOA"
              },
              {
                "Name": "Storage Account Key Operator Service Role"
              }
            ]
          },
          {
            "name": "StorageAccountOperatorGlobal",
            "RBAC": [
              {
                "Name": "Storage Account Key Operator Service Role",
                "RG": "G1",
                "Prefix": "ACU1",
                "Tenant": "AOA"
              }
            ]
          },
          {
            "name": "KeyVaultSecretsGet",
            "RBAC": [
              {
                "Name": "Key Vault Secrets User",
                "RG": "P0",
                "Tenant": "AOA"
              }
            ]
          },
          {
            "name": "StorageAccountOperator",
            "RBAC": [
              {
                "Name": "Storage Account Key Operator Service Role"
              }
            ]
          },
          {
            "name": "StorageAccountContributor",
            "RBAC": [
              {
                "Name": "Storage Blob Data Contributor"
              },
              {
                "Name": "Storage Queue Data Contributor"
              }
            ]
          },
          {
            "name": "VMOperator",
            "RBAC": [
              {
                "Name": "Virtual Machine Contributor"
              }
            ]
          }
        ],
        "rolesInfo": [
          {
            "Name": "BW",
            "RBAC": [
              {
                "Name": "Contributor"
              },
              {
                "Name": "Key Vault Administrator"
              },
              {
                "Name": "Virtual Machine Administrator Login"
              },
              {
                "Name": "Azure Kubernetes Service RBAC Cluster Admin"
              }
            ]
          }
        ],
        "SPInfo": [
          {
            "Name": "GH_{GHProject}_{RGNAME}",
            "RBAC": [
              {
                "Name": "ACRPush"
              },
              {
                "Name": "Azure Kubernetes Service RBAC Cluster Admin"
              }
            ]
          },
          {
            "Name": "ADO_{ADOProject}_{RGNAME}",
            "RBAC": [
              {
                "Name": "Contributor"
              },
              {
                "Name": "User Access Administrator"
              },
              {
                "Name": "Reader and Data Access",
                "RG": "G1",
                "Tenant": "AOA"
              },
              {
                "Name": "Storage Account Key Operator Service Role",
                "RG": "G1",
                "Tenant": "AOA"
              },
              {
                "Name": "Log Analytics Contributor",
                "RG": "G1",
                "Tenant": "AOA"
              },
              {
                "Name": "Automation_Account_Contributor",
                "RG": "P0",
                "Tenant": "AOA"
              },
              {
                "Name": "Key_Vault_Reader",
                "RG": "P0",
                "Tenant": "AOA"
              },
              {
                "Name": "Key Vault Secrets User",
                "RG": "P0",
                "Tenant": "AOA"
              },
              {
                "Name": "Network Contributor",
                "RG": "P0",
                "Tenant": "AOA"
              },
              {
                "Name": "DNS Zone Contributor",
                "RG": "P0",
                "Tenant": "AOA"
              },
              {
                "Name": "DNS Zone Contributor",
                "RG": "P0",
                "Tenant": "AOA",
                "PREFIX": "AEU2"
              }
            ]
          }
        ],
        "SubnetInfo": [
          {
            "name": "snMT01",
            "prefix": "0/27",
            "NSG": 1,
            "FlowLogEnabled": 1,
            "FlowAnalyticsEnabled": 1
            // "delegations": "Microsoft.Web/serverfarms"
          },
          {
            "name": "snFE01",
            "prefix": "32/27",
            "NSG": 1,
            "FlowLogEnabled": 1,
            "FlowAnalyticsEnabled": 1
          },
          // {
          //   "name": "snBE02",
          //   "prefix": "64/28",
          //   "NSG": 1,
          //   "Route": 1,
          //   "FlowLogEnabled": 1,
          //   "FlowAnalyticsEnabled": 1
          //   // "delegations": "Microsoft.ContainerInstance/containerGroups"
          // },
          {
            "name": "snBE01",
            "prefix": "80/28",
            "NSG": 1,
            "Route": 0, // 1
            "NGW": 1,
            "FlowLogEnabled": 1,
            "FlowAnalyticsEnabled": 1
          },
          {
            "name": "AzureBastionSubnet",
            "prefix": "96/27",
            "NSG": 1,
            "FlowLogEnabled": 1,
            "FlowAnalyticsEnabled": 1
          },
          {
            "name": "snWAF01",
            "prefix": "128/25",
            "NSG": 1,
            "Route": 0,
            "FlowLogEnabled": 1,
            "FlowAnalyticsEnabled": 1
          },
          {
            "name": "snMT02",
            "prefix": "0/24",
            "NSG": 1,
            "Route": 1,
            "FlowLogEnabled": 1,
            "FlowAnalyticsEnabled": 1
          }
        ],
        "BastionInfo": {
          "name": "HST01",
          "PublicIP": "Static",
          "Zone": true
        },
        "NatGWInfo": [
          {
            "Name": "NAT01",
            "PublicIP": "Static",
            "Zone": true
          }
        ],
        "saInfo": [
          {
            "name": "diag",
            "skuName": "Standard_LRS",
            "allNetworks": 0,
            "logging": {
              "r": 0,
              "w": 0,
              "d": 1
            },
            "blobVersioning": 1,
            "changeFeed": 1,
            "softDeletePolicy": {
              "enabled": 1,
              "days": 7
            }
          },
          {
            "name": "witness",
            "skuName": "Standard_ZRS",
            "allNetworks": 1,
            "logging": {
              "r": 0,
              "w": 0,
              "d": 1
            },
            "blobVersioning": 1,
            "changeFeed": 1,
            "softDeletePolicy": {
              "enabled": 1,
              "days": 7
            }
          },
          {
            "name": "sqlbackup",
            "skuName": "Standard_ZRS",
            "allNetworks": 1,
            "logging": {
              "r": 0,
              "w": 0,
              "d": 1
            },
            "blobVersioning": 1,
            "changeFeed": 1,
            "softDeletePolicy": {
              "enabled": 1,
              "days": 7
            }
          },
          {
            "name": "data",
            "skuName": "Standard_LRS",
            "allNetworks": 1,
            "logging": {
              "r": 0,
              "w": 0,
              "d": 1
            },
            "blobVersioning": 1,
            "changeFeed": 1,
            "softDeletePolicy": {
              "enabled": 1,
              "days": 7
            },
            "fileShares": [
              {
                "name": "locust",
                "quota": 5120
              }
            ],
            "containers": [
              "locust"
            ]
          }
        ],
        "Appservers": {
          "AppServers": [
            {
              "Name": "JMP01",
              "Role": "JMP",
              "ASName": "JMP",
              "DDRole": "64GB",
              "OSType": "Server2022",
              "ExcludeAdminCenter": 1,
              "Zone": 1,
              "NICs": [
                {
                  "Subnet": "FE01",
                  "Primary": 1,
                  "FastNic": 1,
                  "PublicIP": "Static",
                  "StaticIP": "62"
                }
              ]
            }
          ],
          "SQLServers": [
            {
              "Name": "SQL01",
              "OSType": "Server2019",
              "ASName": "CLS01",
              "Role": "SQL",
              "DDRole": "SQL64GB",
              "Zone": 1,
              "NICs": [
                {
                  "Subnet": "BE01",
                  "SLB": "CLS01",
                  "FastNic": 1,
                  "Primary": 1,
                  "StaticIP": "91"
                }
              ],
              "AppInfo": {
                "ClusterInfo": {
                  "CLIP": "90",
                  "CLNAME": "CLS01",
                  "Primary": "SQL01",
                  "Secondary": [
                    "SQL02"
                  ]
                },
                "aoinfo": [
                  {
                    "GroupName": "AG01",
                    "PrimaryAG": "SQL01",
                    "SecondaryAG": "SQL02",
                    "AOIP": "110",
                    "ProbePort": "59999",
                    "InstanceName": "MSSQLServer"
                  }
                ]
              }
            },
            {
              "Name": "SQL02",
              "OSType": "Server2019",
              "CLNAME": "CLS01",
              "ASName": "CLS01",
              "Role": "SQL",
              "DDRole": "SQL64GB",
              "Zone": 2,
              "NICs": [
                {
                  "Subnet": "BE01",
                  "SLB": "CLS01",
                  "FastNic": 1,
                  "Primary": 1,
                  "StaticIP": "89"
                }
              ],
              "AppInfo": {
                "ClusterInfo": {
                  "CLIP": "109",
                  "CLNAME": "CLS01",
                  "Primary": "SQL01",
                  "Secondary": [
                    "SQL02"
                  ]
                },
                "aoinfo": [
                  {
                    "GroupName": "AG01",
                    "PrimaryAG": "SQL01",
                    "SecondaryAG": "SQL02",
                    "InstanceName": "MSSQLServer"
                  }
                ]
              }
            }
          ]
        },
        "LBInfo": [
          {
            "Name": "CLS01",
            "ASName": "CLS01",
            "Sku": "Standard",
            "Type": "Private",
            "BackEnd": ["CLS01"],
            "FrontEnd": [
              {
                "SNName": "BE01",
                "LBFEName": "AG01",
                "LBFEIP": "92"
              }
            ],
            "Probes": [
              {
                "ProbeName": "AO-59999",
                "LBBEProbePort": 59999
              }
            ],
            "Services": [
              {
                "RuleName": "AG01",
                "LBFEName": "AG01",
                "LBFEPort": 1433,
                "LBBEPort": 1433,
                "ProbeName": "AO-59999",
                "DirectReturn": true
              }
            ]
          }
        ]
      }
    }
  }
}