{
  "$schema": "https://schema.management.azure.com/schemas/2019-04-01/deploymentParameters.json#",
  "contentVersion": "1.0.0.0",
  "parameters": {
    "Prefix": {
      "value": "AWU1"
    },
    "Environment": {
      "value": "T"
    },
    "DeploymentID": {
      "value": "6"
    },
    "Stage": {
      "value": {
        "RG": 1,
        "RBAC": 1,
        "UAI": 1,
        "SP": 0,
        "KV": 0,
        "OMS": 1,
        "OMSSolutions": 1,
        "OMSDataSources": 1,
        "OMSUpdateWeekly": 0,
        "OMSUpdateMonthly": 0,
        "OMSUpates": 0,
        "SA": 1,
        "CDN": 0,
        "StorageSync": 0,
        "RSV": 0,
        "NSG": 1,
        "NetworkWatcher": 0,
        "FlowLogs": 1,
        "VNet": 1,
        "VNetPeering": 1,
        "DNSPublicZone": 0,
        "DNSPrivateZone": 0,
        "LinkPrivateDns": 0,
        "PrivateLink": 1,
        "BastionHost": 0,
        "CloudShellRelay": 0,
        "RT": 0,
        "FW": 0,
        "VNGW": 0,
        "NATGW": 0,
        "ERGW": 0,
        "ADPrimary": 0,
        "ADSecondary": 0,
        "LB": 0,
        "InitialDOP": 0,
        "VMApp": 0,
        "VMAppLinux": 0,
        "VMSQL": 0,
        "VMFILE": 0,
        "VMSS": 0,
        "WAFPOLICY": 0,
        "FRONTDOOR": 0,
        "WAF": 0,
        "SetExternalDNS": 1,
        "SetInternalDNS": 1,
        "APPCONFIG": 0,
        "REDIS": 0,
        "APIM": 1,
        "ACR": 1,
        "ACI": 0,
        "AKS": 1,
        "SQLMI": 0,
        "CosmosDB": 0,
        "DASHBOARD": 0,
        "ServerFarm": 0,
        "WebSite": 0,
        "WebSiteContainer": 0,
        "ManagedEnv": 0,
        "ContainerApp": 0,
        "MySQLDB": 0,
        "Function": 0,
        "SB": 0,
        "AzureSYN": 0,
        "AzureSQL": 0,
        "LT": 0
      }
    },
    "Extensions": {
      "value": {
        "MonitoringAgent": 1,
        "IaaSDiagnostics": 1,
        "DependencyAgent": 1,
        "AzureMonitorAgent": 1,
        "GuestHealthAgent": 1,
        "VMInsights": 1,
        "AdminCenter": 1,
        "BackupWindowsWorkloadSQL": 0,
        "DSC": 1,
        "GuestConfig": 1,
        "Scripts": 1,
        "MSI": 1,
        "CertMgmt": 0,
        "DomainJoin": 1,
        "AADLogin": 0,
        "WindowsOpenSSH": 0,
        "Antimalware": 1,
        "VMSSAzureADEnabled": 0,
        "SqlIaasExtension": 0,
        "AzureDefender": 0
      }
    },
    "DeploymentInfo": {
      "value": {
        "uaiInfo": [
          // {
          //   "name": "IngressApplicationGateway",
          //   "RBAC": [
          //     {
          //       "Name": "Private DNS Zone Contributor",
          //       "RG": "P0",
          //       "Tenant": "AOA"
          //     },
          //     {
          //       "Name": "Key Vault Certificates Officer",
          //       "RG": "P0",
          //       "Tenant": "AOA"
          //     },
          //     {
          //       "Name": "Key Vault Secrets User",
          //       "RG": "P0",
          //       "Tenant": "AOA"
          //     },
          //     {
          //       "Name": "Network Contributor"
          //     }
          //   ]
          // },
          // {
          //   "name": "NetworkContributor",
          //   "RBAC": [
          //     {
          //       "Name": "Network Contributor"
          //     }
          //   ]
          // },
          // {
          //   "name": "StorageAccountFileContributor",
          //   "RBAC": [
          //     {
          //       "Name": "Storage File Data SMB Share Contributor",
          //       "RG": "G1",
          //       "Prefix": "ACU1",
          //       "Tenant": "AOA"
          //     },
          //     {
          //       "Name": "Storage Blob Data Contributor",
          //       "RG": "G1",
          //       "Prefix": "ACU1",
          //       "Tenant": "AOA"
          //     },
          //     {
          //       "Name": "Storage Queue Data Contributor",
          //       "RG": "G1",
          //       "Prefix": "ACU1",
          //       "Tenant": "AOA"
          //     }
          //   ]
          // },
          // {
          //   "name": "StorageAccountOperatorGlobal",
          //   "RBAC": [
          //     {
          //       "Name": "Storage Account Key Operator Service Role",
          //       "RG": "G1",
          //       "Prefix": "ACU1",
          //       "Tenant": "AOA"
          //     }
          //   ]
          // },
          {
            "name": "KeyVaultSecretsGet",
            "RBAC": [
              {
                "Name": "Key Vault Secrets User",
                "RG": "P0",
                "Tenant": "AOA"
              }
            ]
          },
          {
            "name": "StorageKeyRotation",
            "RBAC": [
              {
                "Name": "Key Vault Administrator"
              },
              {
                "Name": "Storage Account Key Operator Service Role"
              },
              {
                "Name": "Storage Account Contributor"
              }
            ]
          }
          // {
          //   "name": "StorageAccountContributor",
          //   "RBAC": [
          //     {
          //       "Name": "Storage Account Contributor"
          //     }
          //   ]
          // },
          // {
          //   "name": "StorageAccountDataContributor",
          //   "RBAC": [
          //     {
          //       "Name": "Storage Blob Data Contributor"
          //     },
          //     {
          //       "Name": "Storage Queue Data Contributor"
          //     }
          //   ]
          // },
          // {
          //   "name": "VMOperator",
          //   "RBAC": [
          //     {
          //       "Name": "Virtual Machine Contributor"
          //     }
          //   ]
          // },
          // {
          //   "name": "MonitoringReader",
          //   "RBAC": [
          //     {
          //       "Name": "Monitoring Reader"
          //     }
          //   ]
          // }
        ],
        "rolesInfo": [
          {
            "Name": "BW",
            "RBAC": [
              {
                "Name": "Contributor"
              },
              {
                "Name": "Key Vault Administrator"
              },
              {
                "Name": "Virtual Machine Administrator Login"
              },
              {
                "Name": "Azure Kubernetes Service RBAC Cluster Admin"
              },
              {
                "Name": "Load Test Owner"
              }
            ]
          },
          {
            "Name": "AzureKeyVault",
            "RBAC": [
              {
                "Name": "Storage Account Key Operator Service Role"
              }
            ]
          },
          {
            "Name": "sec-scan-acr",
            "RBAC": [
              {
                "Name": "Reader"
              }
            ]
          }
        ],
        "SPInfo": [
          {
            "Name": "GH_{GHProject}_{RGNAME}",
            "RBAC": [
              {
                "Name": "ACRPush"
              },
              {
                "Name": "Azure Kubernetes Service RBAC Cluster Admin"
              }
            ]
          },
          {
            "Name": "ADO_{ADOProject}_{RGNAME}",
            "RBAC": [
              {
                "Name": "Contributor"
              },
              {
                "Name": "User Access Administrator"
              },
              {
                "Name": "Reader and Data Access",
                "RG": "G1",
                "Tenant": "AOA"
              },
              {
                "Name": "Storage Account Key Operator Service Role",
                "RG": "G1",
                "Tenant": "AOA"
              },
              {
                "Name": "Log Analytics Contributor",
                "RG": "G1",
                "Tenant": "AOA"
              },
              {
                "Name": "Automation_Account_Contributor",
                "RG": "P0",
                "Tenant": "AOA"
              },
              {
                "Name": "Key_Vault_Reader",
                "RG": "P0",
                "Tenant": "AOA"
              },
              {
                "Name": "Key Vault Secrets User",
                "RG": "P0",
                "Tenant": "AOA"
              },
              {
                "Name": "Network Contributor",
                "RG": "P0",
                "Tenant": "AOA"
              },
              {
                "Name": "DNS Zone Contributor",
                "RG": "P0",
                "Tenant": "AOA"
              },
              {
                "Name": "DNS Zone Contributor",
                "RG": "P0",
                "Tenant": "AOA",
                "PREFIX": "AEU2"
              }
            ]
          }
        ],
        "SubnetInfo": [
          {
            "name": "snMT01",
            "prefix": "0/27",
            "NSG": 1,
            "FlowLogEnabled": 1,
            "FlowAnalyticsEnabled": 1,
            "delegations": "Microsoft.Web/serverfarms"
          },
          {
            "name": "snFE01",
            "prefix": "32/27",
            "NSG": 1,
            "FlowLogEnabled": 1,
            "FlowAnalyticsEnabled": 1
          },
          {
            "name": "snBE02",
            "prefix": "64/28",
            "NSG": 1,
            "Route": 0, //1
            "FlowLogEnabled": 1,
            "FlowAnalyticsEnabled": 1,
            "delegations": "Microsoft.ContainerInstance/containerGroups"
          },
          {
            "name": "snBE01", // APIM Dedicated
            "prefix": "80/28",
            "NSG": 1,
            "Route": 0, //1
            "FlowLogEnabled": 1,
            "FlowAnalyticsEnabled": 1
          },
          {
            "name": "AzureBastionSubnet",
            "prefix": "96/27",
            "NSG": 1,
            "FlowLogEnabled": 1,
            "FlowAnalyticsEnabled": 1
          },
          {
            "name": "snWAF01",
            "prefix": "128/25",
            "NSG": 1,
            "Route": 0,
            "FlowLogEnabled": 1,
            "FlowAnalyticsEnabled": 1
          },
          {
            "name": "snMT02",
            "prefix": "0/24",
            "NSG": 1,
            "Route": 0, //1
            "FlowLogEnabled": 1,
            "FlowAnalyticsEnabled": 1
          }
        ],
        "BastionInfo": {
          "name": "HST01",
          "PublicIP": "Static",
          "Zone": true,
          "skuName": "Standard",
          "enableTunneling": 1,
          "scaleUnits": 2
        },
        "saInfo": [
          {
            "name": "diag",
            "skuName": "Standard_LRS",
            "allNetworks": 0,
            "logging": {
              "r": 0,
              "w": 0,
              "d": 1
            },
            "blobVersioning": 1,
            "changeFeed": 1,
            "softDeletePolicy": {
              "enabled": 1,
              "days": 7
            }
          },
          {
            "name": "cshell",
            "skuName": "Standard_LRS",
            "allNetworks": 1,
            "logging": {
              "r": 0,
              "w": 0,
              "d": 1
            },
            "_storageKeyRotation": {
              "State": "disabled"
            },
            "blobVersioning": 1,
            "changeFeed": 1,
            "softDeletePolicy": {
              "enabled": 1,
              "days": 7
            },
            "fileShares": [
              {
                "name": "cloudshell",
                "quota": 5120
              }
            ],
            "_PrivateLinkInfo": [
              {
                "Subnet": "snMT02",
                "groupID": "blob"
              },
              {
                "Subnet": "snMT02",
                "groupID": "file"
              }
            ]
          }
        ],
        "CDNInfo": [
          {
            "Name": "eshopcatalog",
            "saname": "catalog",
            "endpoint": "catalog-endpoint",
            "hostname": "myweb"
          }
        ],
        "KVInfo": [
          {
            "Name": "Data2",
            "skuName": "standard",
            "softDelete": true,
            "PurgeProtection": true,
            "RbacAuthorization": true,
            "UserAssignedIdentity": {
              "name": "KeyVaultSecretsGetApp",
              "permission": "SecretsGetAndList"
            },
            "allNetworks": 1,
            "PrivateLinkInfo": [
              {
                "Subnet": "snFE01",
                "groupID": "vault"
              }
            ],
            "rolesInfo": [
              {
                "Name": "BW",
                "RBAC": [
                  {
                    "Name": "Key Vault Administrator"
                  }
                ]
              }
            ]
          },
          {
            "Name": "App01",
            "skuName": "standard",
            "softDelete": true,
            "PurgeProtection": true,
            "RbacAuthorization": true,
            "UserAssignedIdentity": {
              "name": "KeyVaultSecretsGetApp",
              "permission": "SecretsGetAndList"
            },
            "allNetworks": 1,
            "PrivateLinkInfo": [
              {
                "Subnet": "snFE01",
                "groupID": "vault"
              }
            ],
            "rolesInfo": [
              {
                "Name": "BW",
                "RBAC": [
                  {
                    "Name": "Key Vault Administrator"
                  }
                ]
              }
            ]
          }
        ],
        "RedisInfo": [
          {
            "Name": "APIM01",
            "sku": "C1",
            "PrivateLinkInfo": [
              {
                "Subnet": "snFE01",
                "groupID": "redisCache"
              }
            ]
          }
        ],
        "APIMInfo": [
          {
            "name": "01",
            "dnsName": "API",
            "apimSku": "Developer",
            "snName": "snBE01",
            "virtualNetworkType": "External",
            "certName": "PSTHING-WildCard",
            "_frontDoor": "01"
          }
        ],
        "AzSQLInfo": [
          {
            "Name": "ESHOPSQL",
            "administratorLogin": "brw",
            "_AdminName": "AZ_SQL_Admins",
            "publicNetworkAccess": 1,
            "allNetworks": 0,
            "PrivateLinkInfo": [
              {
                "Subnet": "snMT02",
                "groupID": "sqlServer"
              }
            ],
            "DBInfo": [
              {
                "Name": "catalogdb",
                "skuName": "S1"
              },
              {
                "Name": "identitydb",
                "skuName": "S1"
              },
              {
                "Name": "orderingdb",
                "skuName": "S1"
              }
            ]
          }
        ],
        "SBInfo": [
          {
            "Name": "BUSOrderTracking",
            "sku": "Premium",
            "skuCapacity": 1,
            "zoneRedundant": false,
            "topics": [
              {
                "Name": "TopicOrderTracking",
                "subscriptions": [
                  {
                    "Name": "SubOrderTracking"
                  }
                ]
              }
            ],
            "PrivateLinkInfo": [
              {
                "Subnet": "snMT02",
                "groupID": "namespace"
              }
            ]
          },
          {
            "Name": "ESHOPSB",
            "sku": "Premium",
            "skuCapacity": 1,
            "zoneRedundant": true,
            "topics": [
              {
                "Name": "eshop_event_bus",
                "subscriptions": [
                  {
                    "Name": "Basket"
                  },
                  {
                    "Name": "Catalog"
                  }
                ]
              }
            ],
            "PrivateLinkInfo": [
              {
                "Subnet": "snMT02",
                "groupID": "namespace"
              }
            ]
          }
        ],
        "ContainerRegistry": [
          {
            "Name": "01",
            "SKU": "Premium", // "Standard",
            "adminUserEnabled": true,
            "NoZone": 1
          }
        ],
        "appServiceplanInfo": [
          {
            "Name": "ASP01",
            "kind": "elastic",
            "perSiteScaling": false,
            "reserved": false,
            "skuname": "EP1",
            "skutier": "ElasticPremium",
            "skucapacity": 1,
            "maxWorkerCount": 100,
            "deploy": 1
          },
          {
            "Name": "WPS01",
            "kind": "app",
            "perSiteScaling": false,
            "reserved": false,
            "skuname": "P1v2",
            "skutier": "PremiumV2",
            "skucapacity": 1,
            "deploy": 1
          },
          {
            "Name": "CTR01",
            "kind": "linux",
            "perSiteScaling": false,
            "reserved": true, //true for containers
            "skuname": "P1v2",
            "skutier": "PremiumV2",
            "skucapacity": 1,
            "deploy": 1
          }
        ],
        "WebSiteInfo": [
          {
            "Name": "WPS01",
            "kind": "app",
            "AppSVCPlan": "WPS01",
            "saname": "diag",
            "customDNS": 1,
            "initialDeploy": 1
          }
        ],
        "WebSiteContainerInfo": [
          {
            "Name": "CTR01",
            "kind": "app,linux,container",
            "AppSVCPlan": "CTR01",
            "stack": "default",
            "saname": "data",
            "registry": "01",
            "customDNS": 1,
            "initialDeploy": 1
            // "registryENV": "t5"
          }
        ],
        "FunctionInfo": [
          {
            "Name": "DIS03",
            "kind": "functionapp",
            "AppSVCPlan": "ASP01",
            "saname": "data",
            "stack": "dotnet",
            "subnet": "snMT01",
            "preWarmedCount": 1,
            "customDNS": 1,
            "initialDeploy": 0
          },
          {
            "Name": "PS02",
            "kind": "functionapp",
            "AppSVCPlan": "ASP01",
            "saname": "data",
            "stack": "powershell",
            "subnet": "snMT01",
            "preWarmedCount": 1,
            "customDNS": 1,
            "initialDeploy": 1
          }
        ],
        "appConfigurationInfo": {
          "name": "01",
          "sku": "standard",
          "publicNetworkAccess": 1,
          "PrivateLinkInfo": [
            {
              "Subnet": "snMT02",
              "groupID": "configurationStores"
            }
          ]
        },
        "azBOTInfo": [
          {
            "Name": "SodaPopBot",
            "Sku": "S1"
          }
        ],
        "AKSInfo": [
          {
            "Name": "01",
            "Version": "1.22.4", // "1.20.2","1.19.7","1.19.6", "1.18.14"
            "skuTier": "Paid", //Free
            "enableRBAC": 1,
            "podIdentity": 1,
            "privateCluster": 0,
            "AgentPoolsSN": "snMT02",
            "WAFName": "01",
            "loadBalancer": "basic", //"basic","standard"
            "BrownFields": 0,
            "AppGateway": 0,
            "aksAADAdminGroups": [
              "AKS_Admins"
            ],
            "AgentPools": [
              {
                "name": "linctr",
                "count": 2,
                "osDiskSizeGb": 30,
                "osType": "Linux",
                "maxPods": 16,
                "storageProfile": "ManagedDisks",
                "_vmSize": "Standard_D1_v2",
                "ASName": "JMP",
                "mode": "System"
              }
              // {
              //   "name": "winctr",
              //   "count": 2,
              //   "osDiskSizeGb": 30,
              //   "osType": "Linux",
              //   "maxPods": 50,
              //   "storageProfile": "ManagedDisks",
              //   "_vmSize": "Standard_D1_v2",
              //   "ASName": "JMP",
              //   "mode": "User"
              // }
              // {
              //   "name": "linctr2",
              //   "count": 2,
              //   "osDiskSizeGb": 30,
              //   "osType": "Linux",
              //   "maxPods": 50,
              //   "storageProfile": "ManagedDisks",
              //   "_vmSize": "Standard_D1_v2",
              //   "ASName": "JMP",
              //   "mode": "User"
              // }
            ]
          }
        ],
        "cosmosDBInfo": [
          {
            "Name": "eshop-sql",
            "Kind": "GlobalDocumentDB", //GlobalDocumentDB, MongoDB, Parse
            "defaultConsistencyLevel": "Eventual", //Eventual, Session, BoundedStaleness, Strong, ConsistentPrefix
            "enableMultipleWriteLocations": true,
            "enableAutomaticFailover": true,
            "PrivateLinkInfo": [
              {
                "Subnet": "snMT02",
                "groupID": "SQL"
              }
            ],
            "locations": [
              {
                "location": "PrimaryLocation",
                "failoverPriority": 0,
                "isZoneRedundant": true
              },
              {
                "location": "SecondaryLocation",
                "failoverPriority": 1,
                "isZoneRedundant": true
              }
            ],
            "databases": [
              {
                "databaseName": "customers",
                "containers": [
                  {
                    "containerName": "Info",
                    "partitionKeyPaths": [
                      "/myPartitionKey"
                    ],
                    "indexingPolicyPathInclude": [
                      {
                        "path": "/*"
                      }
                    ],
                    "indexingPolicyPathExclude": [
                      {
                        "path": "/myPathToNotIndex/*"
                      }
                    ]
                  }
                ]
              }
            ]
          }
        ],
        "ACIInfo": [
          {
            "Name": "locust-master",
            "registerDNS": 1,
            "isPublic": 1,
            "scaleCount": 1,
            "InstanceCount": 1,
            "memoryInGB": 1,
            "cpu": 1,
            "image": "locustio/locust:1.4.4",
            "ports": [
              5557,
              8089
            ],
            "command": [
              "locust"
            ],
            //  https://docs.locust.io/en/stable/configuration.html#all-available-configuration-options
            "environmentVariables": [
              {
                "Name": "LOCUST_LOCUSTFILE",
                "value": "/home/locust/locust/locustfile.py"
              },
              {
                "Name": "LOCUST_MODE_MASTER",
                "value": "true"
              },
              {
                "Name": "LOCUST_WEB_AUTH",
                "secureValue": "locust:{WebUser}"
              },
              {
                "Name": "LOCUST_CSV",
                "value": "true"
              },
              {
                "Name": "LOCUST_CSV_FULL_HISTORY",
                "value": "true"
              },
              {
                "Name": "LOCUST_HTML",
                "value": "true"
              },
              {
                "Name": "LOCUST_HOST",
                "value": "https://acu1-brw-aoa-d3-api03.psthing.com"
              },
              {
                "Name": "LOCUST_LOGLEVEL",
                "value": "DEBUG"
              },
              {
                "Name": "LOCUST_SPAWN_RATE",
                "value": "20"
              },
              {
                "Name": "LOCUST_USERS",
                "value": "4000"
              },
              // {
              //   "Name": "LOCUST_RUN_TIME",  // automated tests only
              //   "secureValue": "15m"
              // },
              // {
              //   "Name": "LOCUST_HEADLESS",  // automated tests only
              //   "secureValue": "true"
              // },
              {
                "Name": "LOCUST_TLS_KEY",
                "value": "/home/locust/locust/psthing-wildcard-decrypted.key"
              },
              {
                "Name": "LOCUST_TLS_CERT",
                "value": "/home/locust/locust/psthing-wildcard.crt"
              }
            ],
            "volumeMounts": [
              {
                "name": "locust",
                "mountPath": "/home/locust/locust",
                "storageAccount": "data"
              }
            ]
          },
          {
            "Name": "locust-worker",
            "scaleCount": 1,
            "InstanceCount": 98,
            "memoryInGB": 0.3,
            "cpu": 0.3,
            "isPublic": 1,
            "image": "locustio/locust:1.4.4",
            "ports": [
              8089
            ],
            "command": [
              "locust"
            ],
            "locations": [
              "centralus"
              // "eastus2",
              // "westus2"
            ],
            "environmentVariables": [
              {
                "Name": "LOCUST_LOCUSTFILE",
                "value": "/home/locust/locust/locustfile.py"
              },
              {
                "Name": "LOCUST_MODE_WORKER",
                "value": "true"
              },
              {
                "Name": "LOCUST_MASTER_NODE_HOST",
                "value": "{Deployment}-aci-locust-master-0.centralus.azurecontainer.io"
              }
            ],
            "volumeMounts": [
              {
                "name": "locust",
                "mountPath": "/home/locust/locust",
                "storageAccount": "data"
              }
            ]
          }
        ],
        "frontDoorInfo": [
          {
            "name": "01",
            "_afdverify": "AOA",
            "rulesEngineDetached": 1,
            "rules": [
              {
                "name": "Rule1",
                "priority": 0,
                "action": {
                  "requestHeaderActions": [],
                  "responseHeaderActions": [
                    {
                      "headerActionType": "Append",
                      "headerName": "Content-Security-Policy",
                      "value": "\"script-src 'self' https://apiphany.portal.azure-api.net.\""
                    }
                  ]
                },
                "matchConditions": [
                  {
                    "rulesEngineMatchValue": [
                      "AQ"
                    ],
                    "negateCondition": false,
                    "rulesEngineMatchVariable": "RemoteAddr",
                    "rulesEngineOperator": "GeoMatch",
                    "transforms": []
                  }
                ],
                "matchProcessingBehavior": "Continue"
              }
            ],
            "services": [
              {
                "Name": "APIM03", // acu1-BRW-AOA-s1-afd 01 - apim01 .psthing.com
                "BEAddress": [
                  {
                    "address": "{Deployment}-apim03.azure-api.net",
                    "hostheader": "{Deployment}-afd03-apim03.{Domain}"
                  }
                ],
                "ProbeName": "probe01",
                "LBSettings": "balance01",
                "sessionAffinityEnabledState": "Disabled",
                "EnableSSL": 1, // _ to rename to disable after initial deployment
                "patternsToMatch": [
                  "/*"
                ],
                "rulesEngine": "Rule1"
              },
              {
                "Name": "APIM03-Developer",
                "BEAddress": [
                  {
                    "address": "{Deployment}-apim03.azure-api.net",
                    "hostheader": "{Deployment}-afd03-apim03-developer.{Domain}"
                  }
                ],
                "ProbeName": "probe01",
                "LBSettings": "balance01",
                "sessionAffinityEnabledState": "Disabled",
                "EnableSSL": 1,
                "patternsToMatch": [
                  "/*"
                ]
              },
              {
                "Name": "APIM03-Scm", // acu1-BRW-AOA-s1-afd 01 - apim01-scm .psthing.com
                "BEAddress": [
                  {
                    "address": "{Deployment}-apim03.azure-api.net",
                    "hostheader": "{Deployment}-afd03-apim03-scm.{Domain}"
                  }
                ],
                "ProbeName": "probe01",
                "LBSettings": "balance01",
                "sessionAffinityEnabledState": "Disabled",
                "EnableSSL": 1,
                "patternsToMatch": [
                  "/*"
                ]
              },
              {
                // Default (front end) Service is Required, add backend as well for ability to test FE.
                "Name": "Default",
                "BEAddress": [
                  {
                    "address": "portal.azure.com"
                  }
                ],
                "ProbeName": "probe01",
                "LBSettings": "balance01",
                "sessionAffinityEnabledState": "Disabled",
                "patternsToMatch": [
                  "/*"
                ]
              }
            ],
            "probes": [
              {
                "Name": "probe01",
                "ProbePath": "/"
              }
            ],
            "LBSettings": [
              {
                "Name": "balance01",
                "sampleSize": 4,
                "successfulSamplesRequired": 2,
                "additionalLatencyMilliseconds": 0
              }
            ]
          }
        ],
        "Appservers": {
          "AppServers": [
            {
              "Name": "JMP01",
              "Role": "JMP",
              "ASName": "JMP",
              "DDRole": "64GB",
              "OSType": "Server2022",
              "ExcludeAdminCenter": 1,
              "HotPatch": true,
              "shutdown": {
                "time": "2100",
                "enabled": 0
              },
              "Zone": 1,
              "NICs": [
                {
                  "Subnet": "FE01",
                  "Primary": 1,
                  "FastNic": 1,
                  "PublicIP": "Static",
                  "StaticIP": "62"
                }
              ]
            }
          ]
        },
        "LBInfo": [
          {
            "Name": "PLB01",
            "Zone": 1,
            "ASName": "PLB01",
            "Sku": "Standard",
            "Type": "Public",
            "BackEnd": [
              "PLB01"
            ],
            "FrontEnd": [
              {
                "LBFEName": "PLB01",
                "PublicIP": "Static"
                // "zones": [
                //   "1"
                // ]
              }
            ],
            "_outboundRules": [
              {
                "LBFEName": "PLB01",
                "allocatedOutboundPorts": 1024,
                "idleTimeoutInMinutes": 4,
                "enableTcpReset": true,
                "protocol": "All"
              }
            ],
            "NATPools": [
              {
                "Name": "RDP",
                "frontendPortRangeStart": 3389,
                "frontendPortRangeEnd": 4500,
                "enableFloatingIP": false,
                "backendPort": 3389,
                "idleTimeoutInMinutes": 4,
                "protocol": "Tcp",
                "LBFEName": "PLB01"
              },
              {
                "Name": "RTC",
                "frontendPortRangeStart": 6000,
                "frontendPortRangeEnd": 6500,
                "enableFloatingIP": false,
                "backendPort": 6000,
                "idleTimeoutInMinutes": 4,
                "protocol": "Tcp",
                "LBFEName": "PLB01"
              }
            ],
            "Probes": [
              {
                "ProbeName": "HTTP",
                "LBBEProbePort": 80
              },
              {
                "ProbeName": "HTTPS",
                "LBBEProbePort": 443
              }
            ],
            "Services": [
              {
                "LBFEName": "PLB01",
                "LBBEName": "PLB01",
                "RuleName": "API-HTTP",
                "LBFEPort": 80,
                "LBBEPort": 80,
                "ProbeName": "HTTP",
                "DirectReturn": false
              },
              {
                "LBFEName": "PLB01",
                "LBBEName": "PLB01",
                "RuleName": "API-HTTPS",
                "LBFEPort": 443,
                "LBBEPort": 443,
                "ProbeName": "HTTPS",
                "DirectReturn": false
              }
            ]
          },
          {
            "Name": "API",
            "ASName": "API",
            "Sku": "Standard",
            "Type": "Private",
            "BackEnd": [
              "API"
            ],
            "FrontEnd": [
              {
                "LBFEName": "API",
                "SNName": "MT02",
                "LBFEIP": "254"
                // "zones": [
                //   "1"
                // ]
              }
            ],
            "NATPools": [
              {
                "Name": "RDP",
                "frontendPortRangeStart": 3389,
                "frontendPortRangeEnd": 4500,
                "enableFloatingIP": false,
                "backendPort": 3389,
                "idleTimeoutInMinutes": 4,
                "protocol": "Tcp",
                "LBFEName": "API"
              }
            ],
            "Probes": [
              {
                "ProbeName": "HTTP",
                "LBBEProbePort": 80
              },
              {
                "ProbeName": "HTTPS",
                "LBBEProbePort": 443
              }
            ],
            "Services": [
              {
                "LBFEName": "API",
                "LBBEName": "API",
                "RuleName": "API-HTTP",
                "LBFEPort": 80,
                "LBBEPort": 80,
                "ProbeName": "HTTP",
                "DirectReturn": false
              },
              {
                "LBFEName": "API",
                "LBBEName": "API",
                "RuleName": "API-HTTPS",
                "LBFEPort": 443,
                "LBBEPort": 443,
                "ProbeName": "HTTPS",
                "DirectReturn": false
              }
            ]
          }
        ],
        "AppServersVMSS": [
          {
            "Name": "API02",
            "AutoScale": true,
            "PredictiveScale": "Enabled",
            "ExcludeDomainJoin": 1,
            "saname": "data",
            "Role": "API",
            "ASNAME": "API",
            "DDRole": "64GBSS",
            "OSType": "Server2022SSIMG",
            "Subnet": "MT02",
            "LB": "PLB01",
            "NATName": [
              "RDP",
              "RTC"
            ],
            "zones": [
              "1",
              "2",
              "3"
            ],
            "LBBE": [
              "PLB01"
            ],
            "_WAFBE": [
              "API02"
            ],
            "NICs": [
              {
                "Subnet": "FE01",
                "Primary": 1,
                "FastNic": 1,
                "PublicIP": 0
              }
            ],
            "AutoScalecapacity": {
              "minimum": "3",
              "maximum": "9",
              "default": "3"
            },
            "Health": {
              "protocol": "https",
              "port": "443",
              "requestPath": "/api/headers"
            },
            "IsPrimary": true,
            "durabilityLevel": "Bronze",
            "placementProperties": {
              "OSType": "Server2016SS",
              "NodeKind": "API01"
            }
          }
        ],
        "WAFInfo": [
          {
            "Name": "API02",
            "WAFEnabled": false,
            // "WAFMode": "Detection",
            // "WAFPolicyAttached": false,
            // "WAFPolicyName": "API",
            "WAFTier": "Standard_v2",
            "WAFCapacity": 40,
            "PrivateIP": "253",
            "SSLCerts": [
              "PSTHING-WildCard"
            ],
            "commentFQDN": "for FQDNs Justuse NetBios since Domain is AddedfromGlobalParam",
            "BEIPs": [
              // "254"
            ],
            "pathRules": [],
            "probes": [
              // {
              //   "Name": "probe01",
              //   "Path": "/",
              //   "Protocol": "http",
              //   "useBE": true
              // },
              {
                "Name": "probe02",
                "Path": "/api/headers",
                "Protocol": "https",
                "useBE": false
              },
              {
                "Name": "probe03",
                "Path": "/api/headers",
                "Protocol": "http",
                "useBE": false
              }
            ],
            "frontEndPorts": [
              {
                "Port": 80
              },
              {
                "Port": 443
              }
            ],
            "BackendHttp": [
              {
                "Port": 80,
                "Protocol": "http",
                "CookieBasedAffinity": "Disabled",
                "RequestTimeout": 600,
                "probeName": "probe03"
              },
              {
                "Port": 443,
                "Protocol": "https",
                "CookieBasedAffinity": "Disabled",
                "RequestTimeout": 600,
                "probeName": "probe02"
              }
            ],
            "Listeners": [
              {
                "Port": 443,
                "BackendPort": "80",
                "Protocol": "https",
                "Cert": "PSTHING-WildCard",
                "Domain": "psthing.com",
                "Hostname": "API02",
                "Interface": "Public"
                // "pathRules": "map1"
              },
              {
                "Port": 80,
                "Protocol": "http",
                "Domain": "psthing.com",
                "Hostname": "API02",
                "Interface": "Public",
                "httpsRedirect": 1
                // "pathRules": "map1"
              }
            ]
          },
          {
            "Name": "API03",
            "WAFEnabled": false,
            // "WAFMode": "Detection",
            // "WAFPolicyAttached": false,
            // "WAFPolicyName": "API",
            "WAFTier": "Standard_v2",
            "WAFCapacity": 2,
            "PrivateIP": "254",
            "SSLCerts": [
              "PSTHING-WildCard"
            ],
            "zones": [
              "1"
            ],
            "commentFQDN": "for FQDNs Justuse NetBios since Domain is AddedfromGlobalParam",
            "BEIPs": [
              // "254"
            ],
            "pathRules": [],
            "probes": [
              // {
              //   "Name": "probe01",
              //   "Path": "/",
              //   "Protocol": "http",
              //   "useBE": true
              // },
              {
                "Name": "probe02",
                "Path": "/api/headers",
                "Protocol": "https",
                "useBE": false
              },
              {
                "Name": "probe03",
                "Path": "/api/headers",
                "Protocol": "http",
                "useBE": false
              }
            ],
            "frontEndPorts": [
              {
                "Port": 80
              },
              {
                "Port": 443
              }
            ],
            "BackendHttp": [
              {
                "Port": 80,
                "Protocol": "http",
                "CookieBasedAffinity": "Disabled",
                "RequestTimeout": 600,
                "probeName": "probe03"
              },
              {
                "Port": 443,
                "Protocol": "https",
                "CookieBasedAffinity": "Disabled",
                "RequestTimeout": 600,
                "probeName": "probe02"
              }
            ],
            "Listeners": [
              {
                "Port": 443,
                "BackendPort": "80",
                "Protocol": "https",
                "Cert": "PSTHING-WildCard",
                "Domain": "psthing.com",
                "Hostname": "API03",
                "Interface": "Public"
                // "pathRules": "map1"
              },
              {
                "Port": 80,
                "Protocol": "http",
                "Domain": "psthing.com",
                "Hostname": "API03",
                "Interface": "Public",
                "httpsRedirect": 1
                // "pathRules": "map1"
              }
            ]
          }
        ]
      }
    }
  }
}