{
  "Global": {
    "hubRG": {
      "name": "P0"
    },
    "hubKV": {
      "name": "VLT01"
    },
    "hubAA": {
      "name": "OMSAutomation"
    },
    "networkId": [ // A different range for each region
      "172.16.",
      144
    ],
    "DNSServers": [ // Leave Empty to use AzureDNS
      "172.16.144.75",
      "172.16.144.76"
    ],
    "AALocation": "EastUS",
    "RTName": "Hub",
    "shutdownSchedulerTimeZone": "Eastern Standard Time",
    "patchSchedulerTimeZone": "America/New_York"
  }
}