<Objs Version="1.1.0.1" xmlns="http://schemas.microsoft.com/powershell/2004/04">
  <Obj RefId="0">
    <TN RefId="0">
      <T>Microsoft.PowerShell.Commands.PSRepositoryItemInfo</T>
      <T>System.Management.Automation.PSCustomObject</T>
      <T>System.Object</T>
    </TN>
    <MS>
      <S N="Name">xFailOverCluster</S>
      <S N="Version">1.15.0</S>
      <S N="Type">Module</S>
      <S N="Description">Module containing DSC resources for deployment and configuration of Windows Server Failover Cluster.</S>
      <S N="Author">DSC Community</S>
      <Obj N="CompanyName" RefId="1">
        <TN RefId="1">
          <T>System.Object[]</T>
          <T>System.Array</T>
          <T>System.Object</T>
        </TN>
        <LST>
          <S>PowerShellTeam</S>
          <S>gaelcolas</S>
          <S>dsccommunity</S>
        </LST>
      </Obj>
      <S N="Copyright">Copyright the DSC Community contributors. All rights reserved.</S>
      <DT N="PublishedDate">2021-02-19T18:15:27-08:00</DT>
      <Nil N="InstalledDate" />
      <Nil N="UpdatedDate" />
      <URI N="LicenseUri">https://github.com/dsccommunity/xFailOverCluster/blob/main/LICENSE</URI>
      <URI N="ProjectUri">https://github.com/dsccommunity/xFailOverCluster</URI>
      <URI N="IconUri">https://dsccommunity.org/images/DSC_Logo_300p.png</URI>
      <Obj N="Tags" RefId="2">
        <TNRef RefId="1" />
        <LST>
          <S>DesiredStateConfiguration</S>
          <S>DSC</S>
          <S>DSCResourceKit</S>
          <S>DSCResource</S>
          <S>PSModule</S>
        </LST>
      </Obj>
      <Obj N="Includes" RefId="3">
        <TN RefId="2">
          <T>System.Collections.Hashtable</T>
          <T>System.Object</T>
        </TN>
        <DCT>
          <En>
            <S N="Key">Workflow</S>
            <Obj N="Value" RefId="4">
              <TNRef RefId="1" />
              <LST />
            </Obj>
          </En>
          <En>
            <S N="Key">Function</S>
            <Ref N="Value" RefId="4" />
          </En>
          <En>
            <S N="Key">Cmdlet</S>
            <Ref N="Value" RefId="4" />
          </En>
          <En>
            <S N="Key">Command</S>
            <Ref N="Value" RefId="4" />
          </En>
          <En>
            <S N="Key">DscResource</S>
            <Obj N="Value" RefId="5">
              <TNRef RefId="1" />
              <LST>
                <S>xCluster</S>
                <S>xClusterDisk</S>
                <S>xClusterNetwork</S>
                <S>xClusterPreferredOwner</S>
                <S>xClusterProperty</S>
                <S>xClusterQuorum</S>
                <S>xWaitForCluster</S>
              </LST>
            </Obj>
          </En>
          <En>
            <S N="Key">RoleCapability</S>
            <Ref N="Value" RefId="4" />
          </En>
        </DCT>
      </Obj>
      <Nil N="PowerShellGetFormatVersion" />
      <S N="ReleaseNotes">## [1.15.0] - 2021-02-19_x000A__x000D__x000A_### Added_x000D__x000A__x000D__x000A_- xFailOverCluster_x000D__x000A_  - Add the module MarkdownLinkCheck to dependent modules to active the_x000D__x000A_    markdown link tests._x000D__x000A_  - Added the filetypes to the file `.gitattributes` according to the_x000D__x000A_    Plaster template._x000D__x000A_  - Update examples to be ready to be published to the PowerShell Gallery._x000D__x000A_  - Added a CONTRIBUTING.md._x000D__x000A_  - Replaced module CommonResourceHelper with the PowerShell Gallery module_x000D__x000A_    DscResource.Common v0.2.0._x000D__x000A_  - Adding back publishing code coverage to Codecov.io._x000D__x000A_    - Add status badge for Codecov.io in README.md._x000D__x000A_    - Fix Azure Pipelines code coverage ([issue #236](https://github.com/dsccommunity/xFailOverCluster/issues/236))._x000D__x000A__x000D__x000A_### Changed_x000D__x000A__x000D__x000A_- xFailOverCluster_x000D__x000A_  - Renamed `master` branch to `main` ([issue #246](https://github.com/dsccommunity/xFailOverCluster/issues/246))._x000D__x000A_  - Updated the CI pipeline files to the latest template._x000D__x000A_  - Changed unit tests to handle missing DscResource.Test better._x000D__x000A_  - Changed the Code of Conduct to the one adopted by DSC Community._x000D__x000A_  - Added `.markdownlint.json` to get the correct settings for the_x000D__x000A_    MarkdownLint VS Code extension._x000D__x000A_  - Changed Visual Studio Code settings to the file `settings.json` according_x000D__x000A_    to the Plaster template._x000D__x000A_  - Set `testRunTitle` for PublishTestResults task so that a helpful name is_x000D__x000A_    displayed in Azure DevOps for each test run._x000D__x000A_  - Set a display name on all the jobs and tasks in the CI pipeline._x000D__x000A_  - The deploy step is now only run when merged to branch `master` in the_x000D__x000A_    DSC Community upstream repository (not to branch `master` in a fork_x000D__x000A_    which always failed due to missing credentials)._x000D__x000A_  - Only run the CI pipeline on branch `master` when there are changes to_x000D__x000A_    files inside the `source` folder._x000D__x000A_  - Changed integration tests to run on a a build image with Windows Server_x000D__x000A_    2019 since the one we previously used was removed from Azure Pipelines ([issue #233](https://github.com/dsccommunity/xFailOverCluster/issues/233))._x000D__x000A_  - Updated CI pipeline to get version from the property `NuGetVersionV2`._x000D__x000A_  - Pin Pester to 4.10.1 in `RequiredModule.psd1` since the tests does_x000D__x000A_    not support Pester 5._x000D__x000A_  - Updated repository to use the latest version of the module ModuleBuilder._x000D__x000A__x000D__x000A_### Fixed_x000D__x000A__x000D__x000A_- xFailOverCluster_x000D__x000A_  - The component `gitversion` that is used in the pipeline was wrongly configured_x000D__x000A_    when the repository moved to the new default branch `main`. It no longer throws_x000D__x000A_    an error when using newer versions of GitVersion._x000D__x000A_  - Added CODE_OF_CONDUCT.md file, and a 'Code of Conduct' section in the_x000D__x000A_    README.md._x000D__x000A_  - Improved CI pipeline_x000D__x000A_    - Renamed the jobs_x000D__x000A_    - Splitting up the testing in different jobs._x000D__x000A_  - URLs in the module manifest pointed in the wrong direction._x000D__x000A_  - Changed the encoding that will be used by ModuleBuilder (`UTF-8`)._x000D__x000A_  - URLs to examples in README.md didn't take account for new folder_x000D__x000A_    structure._x000D__x000A_  - Release pipeline stopped working in some circumstances, workaround is_x000D__x000A_    to pin ModuleBuilder to version `1.0.0` for now._x000D__x000A_    *There is an issue with ModuleBuilder with preview strings using dash,*_x000D__x000A_    *e.g. `fix0008-9`. The string is compliant with SemVer 2.0 but there*_x000D__x000A_    *is a bug in `Publish-Module` that prevents the module to be released.*_x000D__x000A_  - Added code coverage reporting to Azure DevOps._x000D__x000A_  - Update status badges in README.md._x000D__x000A_  - Replaced section 'Branches' with section 'Releases' in README.md._x000D__x000A_  - Pull request and issue template got minor updates._x000D__x000A_  - Update module manifest exporting resources and fixed style._x000D__x000A_  - Update GitVersion.yml with the correct regular expression._x000D__x000A_  - Fix import statement in all tests, making sure it throws if module_x000D__x000A_    DscResource.Test cannot be imported._x000D__x000A_  - Update the deploy stage so that it is skipped when merging_x000D__x000A_    branch master in forks._x000D__x000A_- xClusterPreferredOwner_x000D__x000A_  - Fixed broken links to examples in README.md._x000D__x000A_- xClusterQuorum_x000D__x000A_  - Fixed broken link to examples in README.md ([issue #208](https://github.com/dsccommunity/xFailOverCluster/issues/208))._x000D__x000A_- CommonResourceHelper_x000D__x000A_  - Added `en-US` localization folder to pass PSSA rule._x000D__x000A_- xCluster_x000D__x000A_  - Added script file information to the example `1-CreateFirstNodeOfAFailoverCluster.ps1`._x000D__x000A_  - Fixed Describe-block descriptions ([issue #234](https://github.com/dsccommunity/xFailOverCluster/issues/234))._x000D__x000A_  - Made DomainAdministratorCredential optional ([issue #164](https://github.com/dsccommunity/xFailOverCluster/issues/164))_x000D__x000A__x000D__x000A_### Removed_x000D__x000A__x000D__x000A_- Removed the file `Deploy.PSDeploy.ps1` since it is not longer used by_x000D__x000A_  the build pipeline.</S>
      <Obj N="Dependencies" RefId="6">
        <TNRef RefId="1" />
        <LST />
      </Obj>
      <S N="RepositorySourceLocation">https://www.powershellgallery.com/api/v2</S>
      <S N="Repository">PSGallery</S>
      <S N="PackageManagementProvider">NuGet</S>
      <Obj N="AdditionalMetadata" RefId="7">
        <TN RefId="3">
          <T>System.Management.Automation.PSCustomObject</T>
          <T>System.Object</T>
        </TN>
        <MS>
          <S N="copyright">Copyright the DSC Community contributors. All rights reserved.</S>
          <S N="description">Module containing DSC resources for deployment and configuration of Windows Server Failover Cluster.</S>
          <S N="requireLicenseAcceptance">False</S>
          <S N="releaseNotes">## [1.15.0] - 2021-02-19_x000A__x000D__x000A_### Added_x000D__x000A__x000D__x000A_- xFailOverCluster_x000D__x000A_  - Add the module MarkdownLinkCheck to dependent modules to active the_x000D__x000A_    markdown link tests._x000D__x000A_  - Added the filetypes to the file `.gitattributes` according to the_x000D__x000A_    Plaster template._x000D__x000A_  - Update examples to be ready to be published to the PowerShell Gallery._x000D__x000A_  - Added a CONTRIBUTING.md._x000D__x000A_  - Replaced module CommonResourceHelper with the PowerShell Gallery module_x000D__x000A_    DscResource.Common v0.2.0._x000D__x000A_  - Adding back publishing code coverage to Codecov.io._x000D__x000A_    - Add status badge for Codecov.io in README.md._x000D__x000A_    - Fix Azure Pipelines code coverage ([issue #236](https://github.com/dsccommunity/xFailOverCluster/issues/236))._x000D__x000A__x000D__x000A_### Changed_x000D__x000A__x000D__x000A_- xFailOverCluster_x000D__x000A_  - Renamed `master` branch to `main` ([issue #246](https://github.com/dsccommunity/xFailOverCluster/issues/246))._x000D__x000A_  - Updated the CI pipeline files to the latest template._x000D__x000A_  - Changed unit tests to handle missing DscResource.Test better._x000D__x000A_  - Changed the Code of Conduct to the one adopted by DSC Community._x000D__x000A_  - Added `.markdownlint.json` to get the correct settings for the_x000D__x000A_    MarkdownLint VS Code extension._x000D__x000A_  - Changed Visual Studio Code settings to the file `settings.json` according_x000D__x000A_    to the Plaster template._x000D__x000A_  - Set `testRunTitle` for PublishTestResults task so that a helpful name is_x000D__x000A_    displayed in Azure DevOps for each test run._x000D__x000A_  - Set a display name on all the jobs and tasks in the CI pipeline._x000D__x000A_  - The deploy step is now only run when merged to branch `master` in the_x000D__x000A_    DSC Community upstream repository (not to branch `master` in a fork_x000D__x000A_    which always failed due to missing credentials)._x000D__x000A_  - Only run the CI pipeline on branch `master` when there are changes to_x000D__x000A_    files inside the `source` folder._x000D__x000A_  - Changed integration tests to run on a a build image with Windows Server_x000D__x000A_    2019 since the one we previously used was removed from Azure Pipelines ([issue #233](https://github.com/dsccommunity/xFailOverCluster/issues/233))._x000D__x000A_  - Updated CI pipeline to get version from the property `NuGetVersionV2`._x000D__x000A_  - Pin Pester to 4.10.1 in `RequiredModule.psd1` since the tests does_x000D__x000A_    not support Pester 5._x000D__x000A_  - Updated repository to use the latest version of the module ModuleBuilder._x000D__x000A__x000D__x000A_### Fixed_x000D__x000A__x000D__x000A_- xFailOverCluster_x000D__x000A_  - The component `gitversion` that is used in the pipeline was wrongly configured_x000D__x000A_    when the repository moved to the new default branch `main`. It no longer throws_x000D__x000A_    an error when using newer versions of GitVersion._x000D__x000A_  - Added CODE_OF_CONDUCT.md file, and a 'Code of Conduct' section in the_x000D__x000A_    README.md._x000D__x000A_  - Improved CI pipeline_x000D__x000A_    - Renamed the jobs_x000D__x000A_    - Splitting up the testing in different jobs._x000D__x000A_  - URLs in the module manifest pointed in the wrong direction._x000D__x000A_  - Changed the encoding that will be used by ModuleBuilder (`UTF-8`)._x000D__x000A_  - URLs to examples in README.md didn't take account for new folder_x000D__x000A_    structure._x000D__x000A_  - Release pipeline stopped working in some circumstances, workaround is_x000D__x000A_    to pin ModuleBuilder to version `1.0.0` for now._x000D__x000A_    *There is an issue with ModuleBuilder with preview strings using dash,*_x000D__x000A_    *e.g. `fix0008-9`. The string is compliant with SemVer 2.0 but there*_x000D__x000A_    *is a bug in `Publish-Module` that prevents the module to be released.*_x000D__x000A_  - Added code coverage reporting to Azure DevOps._x000D__x000A_  - Update status badges in README.md._x000D__x000A_  - Replaced section 'Branches' with section 'Releases' in README.md._x000D__x000A_  - Pull request and issue template got minor updates._x000D__x000A_  - Update module manifest exporting resources and fixed style._x000D__x000A_  - Update GitVersion.yml with the correct regular expression._x000D__x000A_  - Fix import statement in all tests, making sure it throws if module_x000D__x000A_    DscResource.Test cannot be imported._x000D__x000A_  - Update the deploy stage so that it is skipped when merging_x000D__x000A_    branch master in forks._x000D__x000A_- xClusterPreferredOwner_x000D__x000A_  - Fixed broken links to examples in README.md._x000D__x000A_- xClusterQuorum_x000D__x000A_  - Fixed broken link to examples in README.md ([issue #208](https://github.com/dsccommunity/xFailOverCluster/issues/208))._x000D__x000A_- CommonResourceHelper_x000D__x000A_  - Added `en-US` localization folder to pass PSSA rule._x000D__x000A_- xCluster_x000D__x000A_  - Added script file information to the example `1-CreateFirstNodeOfAFailoverCluster.ps1`._x000D__x000A_  - Fixed Describe-block descriptions ([issue #234](https://github.com/dsccommunity/xFailOverCluster/issues/234))._x000D__x000A_  - Made DomainAdministratorCredential optional ([issue #164](https://github.com/dsccommunity/xFailOverCluster/issues/164))_x000D__x000A__x000D__x000A_### Removed_x000D__x000A__x000D__x000A_- Removed the file `Deploy.PSDeploy.ps1` since it is not longer used by_x000D__x000A_  the build pipeline.</S>
          <S N="isLatestVersion">True</S>
          <S N="isAbsoluteLatestVersion">True</S>
          <S N="versionDownloadCount">4774</S>
          <S N="downloadCount">230298</S>
          <S N="packageSize">36602</S>
          <S N="published">2/19/2021 6:15:27 PM -08:00</S>
          <S N="created">2/19/2021 6:15:27 PM -08:00</S>
          <S N="lastUpdated">3/10/2021 11:26:53 PM -08:00</S>
          <S N="tags">DesiredStateConfiguration DSC DSCResourceKit DSCResource PSModule PSDscResource_x005F_xCluster PSDscResource_x005F_xClusterDisk PSDscResource_x005F_xClusterNetwork PSDscResource_x005F_xClusterPreferredOwner PSDscResource_x005F_xClusterProperty PSDscResource_x005F_xClusterQuorum PSDscResource_x005F_xWaitForCluster PSIncludes_DscResource</S>
          <S N="developmentDependency">False</S>
          <S N="updated">2021-03-10T23:26:53Z</S>
          <S N="NormalizedVersion">1.15.0</S>
          <S N="Authors">DSC Community</S>
          <S N="IsPrerelease">false</S>
          <S N="ItemType">Module</S>
          <S N="FileList">xFailOverCluster.nuspec|xFailOverCluster.psd1|en-US\about_x005F_xFailOverCluster.help.txt|DSCResources\MSFT_x005F_xClusterQuorum\MSFT_x005F_xClusterQuorum.psm1|DSCResources\MSFT_x005F_xClusterQuorum\MSFT_x005F_xClusterQuorum.schema.mof|DSCResources\MSFT_x005F_xClusterPreferredOwner\MSFT_x005F_xClusterPreferredOwner.psm1|DSCResources\MSFT_x005F_xClusterPreferredOwner\MSFT_x005F_xClusterPreferredOwner.schema.mof|DSCResources\MSFT_x005F_xWaitForCluster\MSFT_x005F_xWaitForCluster.psm1|DSCResources\MSFT_x005F_xWaitForCluster\MSFT_x005F_xWaitForCluster.schema.mof|DSCResources\MSFT_x005F_xClusterNetwork\MSFT_x005F_xClusterNetwork.schema.mof|DSCResources\MSFT_x005F_xClusterNetwork\MSFT_x005F_xClusterNetwork.psm1|DSCResources\MSFT_x005F_xClusterProperty\MSFT_x005F_xClusterProperty.psm1|DSCResources\MSFT_x005F_xClusterProperty\MSFT_x005F_xClusterProperty.schema.mof|DSCResources\MSFT_x005F_xClusterDisk\MSFT_x005F_xClusterDisk.schema.mof|DSCResources\MSFT_x005F_xClusterDisk\MSFT_x005F_xClusterDisk.psm1|DSCResources\MSFT_x005F_xCluster\MSFT_x005F_xCluster.schema.mof|DSCResources\MSFT_x005F_xCluster\MSFT_x005F_xCluster.psm1|DSCResources\MSFT_x005F_xClusterQuorum\en-US\MSFT_x005F_xClusterQuorum.strings.psd1|DSCResources\MSFT_x005F_xClusterPreferredOwner\en-US\MSFT_x005F_xClusterPreferredOwner.strings.psd1|DSCResources\MSFT_x005F_xWaitForCluster\en-US\MSFT_x005F_xWaitForCluster.strings.psd1|DSCResources\MSFT_x005F_xClusterNetwork\en-US\MSFT_x005F_xClusterNetwork.strings.psd1|DSCResources\MSFT_x005F_xClusterProperty\en-US\MSFT_x005F_xClusterProperty.strings.psd1|DSCResources\MSFT_x005F_xClusterDisk\en-US\MSFT_x005F_xClusterDisk.strings.psd1|DSCResources\MSFT_x005F_xCluster\en-US\MSFT_x005F_xCluster.strings.psd1|Modules\DscResource.Common\0.2.0\DscResource.Common.psd1|Modules\DscResource.Common\0.2.0\DscResource.Common.psm1|Modules\DscResource.Common\0.2.0\en-US\about_DscResource.Common.help.txt|Modules\DscResource.Common\0.2.0\en-US\DscResource.Common.psd1</S>
          <S N="GUID">026e7fd8-06dd-41bc-b373-59366ab18679</S>
          <S N="PowerShellVersion">4.0</S>
          <S N="CompanyName">DSC Community</S>
        </MS>
      </Obj>
      <S N="InstalledLocation">D:\Repos\AzureDeploymentFramework\ADF\1-PrereqsToDeploy\DSCResources\xFailOverCluster\1.15.0</S>
    </MS>
  </Obj>
</Objs>
