<Objs Version="1.1.0.1" xmlns="http://schemas.microsoft.com/powershell/2004/04">
  <Obj RefId="0">
    <TN RefId="0">
      <T>Microsoft.PowerShell.Commands.PSRepositoryItemInfo</T>
      <T>System.Management.Automation.PSCustomObject</T>
      <T>System.Object</T>
    </TN>
    <MS>
      <S N="Name">CertificateDsc</S>
      <S N="Version">5.1.0</S>
      <S N="Type">Module</S>
      <S N="Description">DSC resources for managing certificates on a Windows Server.</S>
      <S N="Author">DSC Community</S>
      <Obj N="CompanyName" RefId="1">
        <TN RefId="1">
          <T>System.Object[]</T>
          <T>System.Array</T>
          <T>System.Object</T>
        </TN>
        <LST>
          <S>PowerShellTeam</S>
          <S>gaelcolas</S>
          <S>dsccommunity</S>
        </LST>
      </Obj>
      <S N="Copyright">Copyright the DSC Community contributors. All rights reserved.</S>
      <DT N="PublishedDate">2021-02-26T07:40:07-08:00</DT>
      <Nil N="InstalledDate" />
      <Nil N="UpdatedDate" />
      <URI N="LicenseUri">https://github.com/dsccommunity/CertificateDsc/blob/main/LICENSE</URI>
      <URI N="ProjectUri">https://github.com/dsccommunity/CertificateDsc</URI>
      <URI N="IconUri">https://dsccommunity.org/images/DSC_Logo_300p.png</URI>
      <Obj N="Tags" RefId="2">
        <TNRef RefId="1" />
        <LST>
          <S>DesiredStateConfiguration</S>
          <S>DSC</S>
          <S>DSCResource</S>
          <S>Certificate</S>
          <S>PKI</S>
          <S>PSModule</S>
        </LST>
      </Obj>
      <Obj N="Includes" RefId="3">
        <TN RefId="2">
          <T>System.Collections.Hashtable</T>
          <T>System.Object</T>
        </TN>
        <DCT>
          <En>
            <S N="Key">Workflow</S>
            <Obj N="Value" RefId="4">
              <TNRef RefId="1" />
              <LST />
            </Obj>
          </En>
          <En>
            <S N="Key">Function</S>
            <Ref N="Value" RefId="4" />
          </En>
          <En>
            <S N="Key">Cmdlet</S>
            <Ref N="Value" RefId="4" />
          </En>
          <En>
            <S N="Key">Command</S>
            <Ref N="Value" RefId="4" />
          </En>
          <En>
            <S N="Key">DscResource</S>
            <Obj N="Value" RefId="5">
              <TNRef RefId="1" />
              <LST>
                <S>CertificateExport</S>
                <S>CertificateImport</S>
                <S>CertReq</S>
                <S>PfxImport</S>
                <S>WaitForCertificateServices</S>
              </LST>
            </Obj>
          </En>
          <En>
            <S N="Key">RoleCapability</S>
            <Ref N="Value" RefId="4" />
          </En>
        </DCT>
      </Obj>
      <Nil N="PowerShellGetFormatVersion" />
      <S N="ReleaseNotes">## [5.1.0] - 2021-02-26_x000A__x000D__x000A_### Added_x000D__x000A__x000D__x000A_- PfxImport:_x000D__x000A_  - Added Base64Content parameter to specify the content of a PFX file that can_x000D__x000A_    be included in the configuration MOF - Fixes [Issue #241](https://github.com/dsccommunity/CertificateDsc/issues/241)._x000D__x000A_- CertificateImport:_x000D__x000A_  - Added Base64Content parameter to specify the content of a certificate file_x000D__x000A_    that can be included in the configuration MOF - Fixes [Issue #241](https://github.com/dsccommunity/CertificateDsc/issues/241)._x000D__x000A__x000D__x000A_### Changed_x000D__x000A__x000D__x000A_- Fix bug where `Import-PfxCertificateEx` would not install private keys in the_x000D__x000A_  ALLUSERSPROFILE path when importing to LocalMachine store. [Issue #248](https://github.com/dsccommunity/CertificateDsc/issues/248)._x000D__x000A_- Renamed `master` branch to `main` - Fixes [Issue #237](https://github.com/dsccommunity/CertificateDsc/issues/237)._x000D__x000A_- Updated `GitVersion.yml` to latest pattern - Fixes [Issue #245](https://github.com/dsccommunity/CertificateDsc/issues/245)._x000D__x000A_- Changed `Test-Thumbprint` to cache supported hash algorithms to increase_x000D__x000A_  performance - Fixes [Issue #221](https://github.com/dsccommunity/CertificateDsc/issues/221)._x000D__x000A_- Added warning messages into empty catch blocks in `Certificate.PDT` module to_x000D__x000A_  assist with debugging._x000D__x000A__x000D__x000A_### Fixed_x000D__x000A__x000D__x000A_- Removed requirement for tests to use `New-SelfSignedCertificateEx` from_x000D__x000A_  [TechNet Gallery due to retirement](https://docs.microsoft.com/teamblog/technet-gallery-retirement)._x000D__x000A_  This will prevent tests from running on Windows Server 2012 R2 - Fixes [Issue #250](https://github.com/dsccommunity/CertificateDsc/issues/250)._x000D__x000A_- Fixed FIPS support when used in versions of PowerShell Core 6 &amp; PowerShell 7._x000D__x000A_- Moved thumbprint generation for testing into helper function `New-CertificateThumbprint`_x000D__x000A_  and fixed tests for validating FIPS thumbprints in `Test-Thumbprint` so that it_x000D__x000A_  runs on PowerShell Core/7.x.</S>
      <Obj N="Dependencies" RefId="6">
        <TNRef RefId="1" />
        <LST />
      </Obj>
      <S N="RepositorySourceLocation">https://www.powershellgallery.com/api/v2</S>
      <S N="Repository">PSGallery</S>
      <S N="PackageManagementProvider">NuGet</S>
      <Obj N="AdditionalMetadata" RefId="7">
        <TN RefId="3">
          <T>System.Management.Automation.PSCustomObject</T>
          <T>System.Object</T>
        </TN>
        <MS>
          <S N="copyright">Copyright the DSC Community contributors. All rights reserved.</S>
          <S N="description">DSC resources for managing certificates on a Windows Server.</S>
          <S N="requireLicenseAcceptance">False</S>
          <S N="releaseNotes">## [5.1.0] - 2021-02-26_x000A__x000D__x000A_### Added_x000D__x000A__x000D__x000A_- PfxImport:_x000D__x000A_  - Added Base64Content parameter to specify the content of a PFX file that can_x000D__x000A_    be included in the configuration MOF - Fixes [Issue #241](https://github.com/dsccommunity/CertificateDsc/issues/241)._x000D__x000A_- CertificateImport:_x000D__x000A_  - Added Base64Content parameter to specify the content of a certificate file_x000D__x000A_    that can be included in the configuration MOF - Fixes [Issue #241](https://github.com/dsccommunity/CertificateDsc/issues/241)._x000D__x000A__x000D__x000A_### Changed_x000D__x000A__x000D__x000A_- Fix bug where `Import-PfxCertificateEx` would not install private keys in the_x000D__x000A_  ALLUSERSPROFILE path when importing to LocalMachine store. [Issue #248](https://github.com/dsccommunity/CertificateDsc/issues/248)._x000D__x000A_- Renamed `master` branch to `main` - Fixes [Issue #237](https://github.com/dsccommunity/CertificateDsc/issues/237)._x000D__x000A_- Updated `GitVersion.yml` to latest pattern - Fixes [Issue #245](https://github.com/dsccommunity/CertificateDsc/issues/245)._x000D__x000A_- Changed `Test-Thumbprint` to cache supported hash algorithms to increase_x000D__x000A_  performance - Fixes [Issue #221](https://github.com/dsccommunity/CertificateDsc/issues/221)._x000D__x000A_- Added warning messages into empty catch blocks in `Certificate.PDT` module to_x000D__x000A_  assist with debugging._x000D__x000A__x000D__x000A_### Fixed_x000D__x000A__x000D__x000A_- Removed requirement for tests to use `New-SelfSignedCertificateEx` from_x000D__x000A_  [TechNet Gallery due to retirement](https://docs.microsoft.com/teamblog/technet-gallery-retirement)._x000D__x000A_  This will prevent tests from running on Windows Server 2012 R2 - Fixes [Issue #250](https://github.com/dsccommunity/CertificateDsc/issues/250)._x000D__x000A_- Fixed FIPS support when used in versions of PowerShell Core 6 &amp; PowerShell 7._x000D__x000A_- Moved thumbprint generation for testing into helper function `New-CertificateThumbprint`_x000D__x000A_  and fixed tests for validating FIPS thumbprints in `Test-Thumbprint` so that it_x000D__x000A_  runs on PowerShell Core/7.x.</S>
          <S N="isLatestVersion">True</S>
          <S N="isAbsoluteLatestVersion">True</S>
          <S N="versionDownloadCount">967</S>
          <S N="downloadCount">16346536</S>
          <S N="packageSize">70275</S>
          <S N="published">2/26/2021 7:40:07 AM -08:00</S>
          <S N="created">2/26/2021 7:40:07 AM -08:00</S>
          <S N="lastUpdated">3/10/2021 11:26:53 PM -08:00</S>
          <S N="tags">DesiredStateConfiguration DSC DSCResource Certificate PKI PSModule</S>
          <S N="developmentDependency">False</S>
          <S N="updated">2021-03-10T23:26:53Z</S>
          <S N="NormalizedVersion">5.1.0</S>
          <S N="Authors">DSC Community</S>
          <S N="IsPrerelease">false</S>
          <S N="ItemType">Module</S>
          <S N="FileList">CertificateDsc.nuspec|CertificateDsc.psd1|en-US\about_CertificateDsc.help.txt|DSCResources\DSC_PfxImport\DSC_PfxImport.schema.mof|DSCResources\DSC_PfxImport\DSC_PfxImport.psm1|DSCResources\DSC_PfxImport\README.md|DSCResources\DSC_WaitForCertificateServices\DSC_WaitForCertificateServices.psm1|DSCResources\DSC_WaitForCertificateServices\DSC_WaitForCertificateServices.schema.mof|DSCResources\DSC_WaitForCertificateServices\README.md|DSCResources\DSC_CertReq\DSC_CertReq.schema.mof|DSCResources\DSC_CertReq\README.md|DSCResources\DSC_CertReq\DSC_CertReq.psm1|DSCResources\DSC_CertificateImport\DSC_CertificateImport.psm1|DSCResources\DSC_CertificateImport\DSC_CertificateImport.schema.mof|DSCResources\DSC_CertificateImport\README.md|DSCResources\DSC_CertificateExport\DSC_CertificateExport.schema.mof|DSCResources\DSC_CertificateExport\DSC_CertificateExport.psm1|DSCResources\DSC_CertificateExport\README.md|Modules\CertificateDsc.PDT\CertificateDsc.PDT.psm1|Modules\CertificateDsc.Common\CertificateDsc.Common.psm1|DSCResources\DSC_PfxImport\en-US\DSC_PfxImport.strings.psd1|DSCResources\DSC_PfxImport\en-US\about_PfxImport.help.txt|DSCResources\DSC_WaitForCertificateServices\en-US\DSC_WaitForCertificateServices.strings.psd1|DSCResources\DSC_WaitForCertificateServices\en-US\about_WaitForCertificateServices.help.txt|DSCResources\DSC_CertReq\en-US\about_CertReq.help.txt|DSCResources\DSC_CertReq\en-US\DSC_CertReq.strings.psd1|DSCResources\DSC_CertificateImport\en-US\DSC_CertificateImport.strings.psd1|DSCResources\DSC_CertificateImport\en-US\about_CertificateImport.help.txt|DSCResources\DSC_CertificateExport\en-US\DSC_CertificateExport.strings.psd1|DSCResources\DSC_CertificateExport\en-US\about_CertificateExport.help.txt|Modules\DscResource.Common\0.10.1\DscResource.Common.psd1|Modules\DscResource.Common\0.10.1\DscResource.Common.psm1|Modules\CertificateDsc.PDT\en-US\CertificateDsc.PDT.strings.psd1|Modules\CertificateDsc.Common\en-US\CertificateDsc.Common.strings.psd1|Modules\DscResource.Common\0.10.1\en-US\about_DscResource.Common.help.txt|Modules\DscResource.Common\0.10.1\en-US\DscResource.Common.strings.psd1</S>
          <S N="DscResources">CertificateExport CertificateImport CertReq PfxImport WaitForCertificateServices</S>
          <S N="GUID">1b8d785e-79ae-4d95-ae58-b2460aec1031</S>
          <S N="PowerShellVersion">4.0</S>
          <S N="CLRVersion">4.0</S>
          <S N="CompanyName">DSC Community</S>
        </MS>
      </Obj>
      <S N="InstalledLocation">D:\Repos\AzureDeploymentFramework\ADF\1-PrereqsToDeploy\DSCResources\CertificateDsc\5.1.0</S>
    </MS>
  </Obj>
</Objs>
