<Objs Version="1.1.0.1" xmlns="http://schemas.microsoft.com/powershell/2004/04">
  <Obj RefId="0">
    <TN RefId="0">
      <T>Microsoft.PowerShell.Commands.PSRepositoryItemInfo</T>
      <T>System.Management.Automation.PSCustomObject</T>
      <T>System.Object</T>
    </TN>
    <MS>
      <S N="Name">DSCR_AppxPackage</S>
      <S N="Version">0.3.0</S>
      <S N="Type">Module</S>
      <S N="Description">PowerShell DSC Resource to manage UWP App Packages</S>
      <S N="Author">mkht</S>
      <S N="CompanyName">mkht</S>
      <S N="Copyright">(c) 2017 mkht All rights reserved.</S>
      <DT N="PublishedDate">2017-10-08T09:32:40-07:00</DT>
      <Nil N="InstalledDate" />
      <Nil N="UpdatedDate" />
      <URI N="LicenseUri">https://github.com/mkht/DSCR_AppxPackage/blob/master/LICENSE</URI>
      <URI N="ProjectUri">https://github.com/mkht/DSCR_AppxPackage</URI>
      <Nil N="IconUri" />
      <Obj N="Tags" RefId="1">
        <TN RefId="1">
          <T>System.Object[]</T>
          <T>System.Array</T>
          <T>System.Object</T>
        </TN>
        <LST>
          <S>DesiredStateConfiguration</S>
          <S>DSC</S>
          <S>Appx</S>
          <S>UWP</S>
          <S>ProvisonedPackage</S>
          <S>PSModule</S>
        </LST>
      </Obj>
      <Obj N="Includes" RefId="2">
        <TN RefId="2">
          <T>System.Collections.Hashtable</T>
          <T>System.Object</T>
        </TN>
        <DCT>
          <En>
            <S N="Key">Function</S>
            <Obj N="Value" RefId="3">
              <TNRef RefId="1" />
              <LST />
            </Obj>
          </En>
          <En>
            <S N="Key">RoleCapability</S>
            <Ref N="Value" RefId="3" />
          </En>
          <En>
            <S N="Key">Cmdlet</S>
            <Ref N="Value" RefId="3" />
          </En>
          <En>
            <S N="Key">DscResource</S>
            <Obj N="Value" RefId="4">
              <TNRef RefId="1" />
              <LST>
                <S>cAppxPackage</S>
                <S>cAppxProvisionedPackage</S>
              </LST>
            </Obj>
          </En>
          <En>
            <S N="Key">Workflow</S>
            <Ref N="Value" RefId="3" />
          </En>
          <En>
            <S N="Key">Command</S>
            <Ref N="Value" RefId="3" />
          </En>
        </DCT>
      </Obj>
      <Nil N="PowerShellGetFormatVersion" />
      <Nil N="ReleaseNotes" />
      <Obj N="Dependencies" RefId="5">
        <TNRef RefId="1" />
        <LST />
      </Obj>
      <S N="RepositorySourceLocation">https://www.powershellgallery.com/api/v2</S>
      <S N="Repository">PSGallery</S>
      <S N="PackageManagementProvider">NuGet</S>
      <Obj N="AdditionalMetadata" RefId="6">
        <TN RefId="3">
          <T>System.Management.Automation.PSCustomObject</T>
          <T>System.Object</T>
        </TN>
        <MS>
          <S N="copyright">(c) 2017 mkht All rights reserved.</S>
          <S N="description">PowerShell DSC Resource to manage UWP App Packages</S>
          <S N="requireLicenseAcceptance">True</S>
          <S N="isLatestVersion">True</S>
          <S N="isAbsoluteLatestVersion">True</S>
          <S N="versionDownloadCount">2599</S>
          <S N="downloadCount">2606</S>
          <S N="packageSize">13395</S>
          <S N="published">10/8/2017 9:32:40 AM -07:00</S>
          <S N="created">10/8/2017 9:32:40 AM -07:00</S>
          <S N="lastUpdated">7/22/2021 5:21:05 AM -07:00</S>
          <S N="tags">DesiredStateConfiguration DSC Appx UWP ProvisonedPackage PSModule PSDscResource_cAppxPackage PSDscResource_cAppxProvisionedPackage PSIncludes_DscResource</S>
          <S N="developmentDependency">False</S>
          <S N="updated">2021-07-22T05:21:05Z</S>
          <S N="NormalizedVersion">0.3.0</S>
          <S N="Authors">mkht</S>
          <S N="IsPrerelease">false</S>
          <S N="ItemType">Module</S>
          <S N="FileList">DSCR_AppxPackage.nuspec|DSCR_AppxPackage.psd1|LICENSE|README.md|DSCResources\cAppxPackage\cAppxPackage.psm1|DSCResources\cAppxPackage\cAppxPackage.schema.mof|DSCResources\cAppxPackageSet\cAppxPackageSet.psd1|DSCResources\cAppxPackageSet\cAppxPackageSet.schema.psm1|DSCResources\cAppxProvisionedPackage\cAppxProvisionedPackage.psm1|DSCResources\cAppxProvisionedPackage\cAppxProvisionedPackage.schema.mof|DSCResources\cAppxProvisionedPackageSet\cAppxProvisionedPackageSet.psd1|DSCResources\cAppxProvisionedPackageSet\cAppxProvisionedPackageSet.schema.psm1|Sample\sample.ps1</S>
          <S N="GUID">f1c6e39c-bc04-4fbe-b74a-2154d578295b</S>
          <S N="PowerShellVersion">5.0</S>
        </MS>
      </Obj>
      <S N="InstalledLocation">D:\Repos\ADF\ADF\1-PrereqsToDeploy\DSCResources\DSCR_AppxPackage\0.3.0</S>
    </MS>
  </Obj>
</Objs>
