{
  "$schema": "https://schema.management.azure.com/schemas/2015-01-01/deploymentParameters.json#",
  "contentVersion": "1.0.0.0",
  "parameters": {
    "Prefix": {
      "value": "AZC1"
    },
    "Environment": {
      "value": "S"
    },
    "DeploymentID": {
      "value": "1"
    },
    "Stage": {
      "value": {
        "RG": 1,
        "RBAC": 1,
        "UAI": 1,
        "KV": 0,
        "OMS": 1,
        "OMSSolutions": 1,
        "OMSDataSources": 1,
        "OMSUpdateWeekly": 0,
        "OMSUpdateMonthly": 0,
        "SA": 1,
        "CDN": 0,
        "StorageSync": 1,
        "RSV": 0,
        "NSG": 1,
        "VNet": 1,
        "VNetPeering": 1,
        "LinkPrivateDns": 0,
        "RT": 1,
        "FW": 0,
        "VNGW": 0,
        "NATGW": 0,
        "ERGW": 0,
        "DNSPublicZone": 0,
        "DNSPrivateZone": 0,
        "ADPrimary": 1,
        "ADSecondary": 0,
        "LB": 1,
        "PLB": 0,
        "InitialDOP": 0,
        "VMApp": 1,
        "VMAppLinux": 0,
        "VMSQL": 0,
        "VMFILE": 0,
        "VMSS": 0,
        "WAF": 0,
        "SetExternalDNS": 0,
        "SetInternalDNS": 0,
        "APPCONFIG": 0,
        "REDIS": 0,
        "APIM": 0,
        "ACR": 0,
        "ACI": 0,
        "AKS": 0,
        "SQLMI": 0,
        "CosmosDB": 0,
        "DASHBOARD": 0,
      }
    },
    "Extensions": {
      "value": {
        "MonitoringAgent": 1,
        "IaaSDiagnostics": 1,
        "DependencyAgent": 1,
        "AzureMonitorAgent": 1,
        "GuestHealthAgent": 1,
        "AdminCenter": 0,
        "BackupWindowsWorkloadSQL": 0,
        "DSC": 1,
        "GuestConfig": 1,
        "Scripts": 1,
        "MSI": 0,
        "CertMgmt": 0,
        "DomainJoin": 1,
        "Antimalware": 1,
        "VMSSAzureADEnabled": 1,
        "SqlIaasExtension": 0,
        "AzureDefender": 0
      }
    },
    "DeploymentInfo": {
      "value": {
        "uaiInfo": [
          {
            "name": "StorageAccountFileContributor",
            "RBAC": [
              {
                "Name": "Storage File Data SMB Share Contributor"
              }
            ]
          },
          {
            "name": "StorageAccountOperator",
            "RBAC": [
              {
                "Name": "Storage Account Key Operator Service Role"
              }
            ]
          },
          {
            "name": "StorageAccountContributor",
            "RBAC": [
              {
                "Name": "Storage Blob Data Contributor"
              },
              {
                "Name": "Storage Queue Data Contributor"
              }
            ]
          },
          {
            "name": "AzureServiceBusDataOwner",
            "RBAC": [
              {
                "Name": "Azure Service Bus Data Owner"
              },
              {
                "Name": "Azure Service Bus Data Sender"
              },
              {
                "Name": "Azure Service Bus Data Receiver"
              }
            ]
          },
          {
            "name": "VMOperator",
            "RBAC": [
              {
                "Name": "Virtual Machine Contributor",
                "RG": "S1"
              },
              {
                "Name": "Virtual Machine Contributor",
                "RG": "P0"
              }
            ]
          }
        ],
        "rolesInfo": [
          {
            "Name": "Contributor",
            "Member": "benwilk@Microsoft.com"
          }
        ],
        "DNSInternalInfo": [
          "Contoso.com",
          "Fabrikam.com"
        ],
        "SubnetInfo": [
          {
            "name": "snWAF01",
            "prefix": "0/27",
            "NSG": 0
          },
          {
            "name": "snFE01",
            "prefix": "32/27",
            "NSG": 0,
            "serviceEndpoints": true,
            "Route": true
          },
          {
            "name": "snAD01",
            "prefix": "64/28",
            "NSG": 0,
            "Route": true
          },
          {
            "name": "snBE01",
            "prefix": "80/28",
            "NSG": 0,
            "Route": true
          },
          {
            "name": "snBE02",
            "prefix": "96/28",
            "NSG": 0,
            "Route": true
          },
          {
            "name": "snBE03",
            "prefix": "112/28",
            "NSG": 0,
            "Route": true
          },
          {
            "name": "AzureFirewallSubnet",
            "prefix": "128/26",
            "NSG": 0,
            "serviceEndpoints": true
          },
          {
            "name": "snMT02",
            "prefix": "0/24",
            "NSG": 0,
            "serviceEndpoints": true,
            "Route": true
          }
        ],
        "saInfo": [
          {
            "name": "nas",
            "skuName": "Standard_LRS",
            "allNetworks": 1,
            "largeFileSharesState": "Enabled"
          },
          {
            "name": "diag",
            "skuName": "Standard_LRS",
            "allNetworks": 1
          },
          {
            "name": "witness",
            "skuName": "Standard_ZRS",
            "allNetworks": 1
          },
          {
            "name": "sqlbackup",
            "skuName": "Standard_ZRS",
            "allNetworks": 1
          }
        ],
        "StorageSyncInfo": [
          {
            "Name": "NAS",
            "sasuffix": "nas",
            "ShareQuota": 102400,
            "SyncGroups": [
              "NAS"
            ]
          }
        ],
        "RTInfo": [
          {
            "Name": "Contoso-Hub",
            "Routes": [
              {
                "Name": "Default-Azure-FW",
                "addressPrefix": "0.0.0.0/0",
                "nextHopFW": "vnFW01",
                "nextHopType": "VirtualAppliance"
              }
            ]
          }
        ],
        "KVInfo": [
          {
            "Name": "ADFAppVault",
            "skuName": "standard",
            "softDelete": true,
            "accessPolicies": [
              {
                "objectId": "528b1170-7a6c-4970-94bb-0eb34e1ae947",
                "Permissions": "All"
              }
            ]
          }
        ],
        "PolicyInfo": [
          {
            "Name": "Audit-allowed-locations",
            "Description": "Audit allowed locations",
            "parameters": {
              "allowedLocations": {
                "type": "Array",
                "metadata": {
                  "description": "The list of allowed locations for resources.",
                  "displayName": "Allowed locations",
                  "strongType": "location"
                }
              }
            },
            "policyRule": {
              "if": {
                "not": {
                  "field": "location",
                  "in": "[parameters('allowedLocations')]"
                }
              },
              "then": {
                "effect": "audit"
              }
            }
          },
          {
            "name": "Audit-allowed-role-definitions2",
            "description": "Audit role definitions that can be used in IAM",
            "parameters": {
              "roleDefinitionId": {
                "type": "string",
                "metadata": {
                  "description": "The list of role definition Ids",
                  "displayName": "Approved Role Definitions"
                }
              }
            },
            "policyRule": {
              "if": {
                "anyOf": [
                  {
                    "allof": [
                      {
                        "field": "type",
                        "equals": "Microsoft.Authorization/roleAssignments"
                      }
                    ]
                  },
                  {
                    "anyOf": [
                      {
                        "not": {
                          "field": "Microsoft.Authorization/roleAssignments/roleDefinitionId",
                          "match": "./058aae05-414d-5198-812b-6f4401cd86bb"
                        }
                      },
                      {
                        "not": {
                          "field": "Microsoft.Authorization/roleAssignments/roleDefinitionId",
                          "match": "[parameter('roleDefinitionId')]"
                        }
                      }
                    ]
                  }
                ]
              },
              "then": {
                "effect": "audit"
              }
            }
          }
        ],
        "ERGWInfo": [
          {
            "Name": "ERGW",
            "skuname": "ErGw2AZ",
            "skutier": "ErGw2AZ",
            "skucapacity": 2,
            "gatewayType": "ExpressRoute",
            "vpnType": "PolicyBased",
            "ERConnectionOptions": {
              "EREnableConnection": false,
              "peerid": "/subscriptions/e17fe3b9-caf3-4e15-9437-30089ea78f1e/resourceGroups/PROD_Azure_EUS_Network_RG/providers/Microsoft.Network/expressRouteCircuits/PROD_Azure_ER_EUS",
              "authorizationKeyold": "[parameters('ERAuthKey')]",
              "authorizationKey": "abc",
              "connectionType": "ExpressRoute"
            }
          }
        ],
        "FWInfo": [
          {
            "Name": "FW01",
            "threatIntelMode": "Alert"
          }
        ],
        "natRulesInfo": [
          {
            "Name": "JMP01",
            "priority": "20000",
            "actionType": "DNAT",
            "rule": {
              "name": "JMP01-RDP-Allow",
              "sourceAddresses": [
                "75.166.19.36"
              ],
              "destinationPorts": [
                "3389"
              ],
              "protocols": [
                "Any"
              ],
              "translatedAddress": "172.16.134.62"
            }
          }
        ],
        "LBInfo2": [
          {
            "Name": "API",
            "ASName": "API",
            "Sku": "Basic",
            "Type": "Private",
            "BackEnd": ["API"],
            "FrontEnd": [
              {
                "SNName": "MT02",
                "LBFEName": "API",
                "LBFEIP": "254"
              }
            ],
            "NATPools": [
              {
                "Name": "RDP",
                "frontendPortRangeStart": 3389,
                "frontendPortRangeEnd": 4500,
                "enableFloatingIP": false,
                "backendPort": 3389,
                "idleTimeoutInMinutes": 4,
                "protocol": "Tcp",
                "LBFEName": "API"
              }
            ],
            "Probes": [
              {
                "ProbeName": "19000",
                "LBBEProbePort": 19000
              },
              {
                "ProbeName": "19080",
                "LBBEProbePort": 19080
              },
              {
                "ProbeName": "19081",
                "LBBEProbePort": 19081
              },
              {
                "ProbeName": "8988",
                "LBBEProbePort": 8988
              },
              {
                "ProbeName": "8989",
                "LBBEProbePort": 8989
              },
              {
                "ProbeName": "8990",
                "LBBEProbePort": 8990
              }
            ],
            "Services": [
              {
                "LBFEName": "API",
                "LBBEName": "API",
                "RuleName": "API-19000",
                "LBFEPort": 19000,
                "LBBEPort": 19000,
                "ProbeName": 19000,
                "DirectReturn": false
              },
              {
                "LBFEName": "API",
                "LBBEName": "API",
                "RuleName": "API-19080",
                "LBFEPort": 19080,
                "LBBEPort": 19080,
                "ProbeName": 19080,
                "DirectReturn": false
              },
              {
                "LBFEName": "API",
                "LBBEName": "API",
                "RuleName": "API-19081",
                "LBFEPort": 19081,
                "LBBEPort": 19081,
                "ProbeName": 19081,
                "DirectReturn": false
              },
              {
                "LBFEName": "API",
                "LBBEName": "API",
                "RuleName": "API-8988",
                "LBFEPort": 8988,
                "LBBEPort": 8988,
                "ProbeName": 8988,
                "DirectReturn": false
              },
              {
                "LBFEName": "API",
                "LBBEName": "API",
                "RuleName": "API-8989",
                "LBFEPort": 8989,
                "LBBEPort": 8989,
                "ProbeName": 8989,
                "DirectReturn": false
              },
              {
                "LBFEName": "API",
                "LBBEName": "API",
                "RuleName": "API-8990",
                "LBFEPort": 8990,
                "LBBEPort": 8990,
                "ProbeName": 8990,
                "DirectReturn": false
              }
            ]
          },
          {
            "Name": "SF",
            "ASName": "SF",
            "Sku": "Basic",
            "Type": "Private",
            "BackEnd": ["SF"],
            "FrontEnd": [
              {
                "SNName": "MT02",
                "LBFEName": "SF",
                "LBFEIP": "253"
              }
            ],
            "NATPools": [
              {
                "Name": "RDP",
                "frontendPortRangeStart": 3389,
                "frontendPortRangeEnd": 4500,
                "enableFloatingIP": false,
                "backendPort": 3389,
                "idleTimeoutInMinutes": 4,
                "protocol": "Tcp",
                "LBFEName": "SF"
              }
            ],
            "Probes": [
              {
                "ProbeName": "19000",
                "LBBEProbePort": 19000
              },
              {
                "ProbeName": "19080",
                "LBBEProbePort": 19080
              },
              {
                "ProbeName": "19081",
                "LBBEProbePort": 19081
              },
              {
                "ProbeName": "8988",
                "LBBEProbePort": 8988
              },
              {
                "ProbeName": "8989",
                "LBBEProbePort": 8989
              },
              {
                "ProbeName": "8990",
                "LBBEProbePort": 8990
              }
            ],
            "Services": [
              {
                "LBFEName": "SF",
                "LBBEName": "SF",
                "RuleName": "SF-19000",
                "LBFEPort": 19000,
                "LBBEPort": 19000,
                "ProbeName": 19000,
                "DirectReturn": false
              },
              {
                "LBFEName": "SF",
                "LBBEName": "SF",
                "RuleName": "SF-19080",
                "LBFEPort": 19080,
                "LBBEPort": 19080,
                "ProbeName": 19080,
                "DirectReturn": false
              },
              {
                "LBFEName": "SF",
                "LBBEName": "SF",
                "RuleName": "SF-19081",
                "LBFEPort": 19081,
                "LBBEPort": 19081,
                "ProbeName": 19081,
                "DirectReturn": false
              },
              {
                "LBFEName": "SF",
                "LBBEName": "SF",
                "RuleName": "SF-8988",
                "LBFEPort": 8988,
                "LBBEPort": 8988,
                "ProbeName": 8988,
                "DirectReturn": false
              },
              {
                "LBFEName": "SF",
                "LBBEName": "SF",
                "RuleName": "SF-8989",
                "LBFEPort": 8989,
                "LBBEPort": 8989,
                "ProbeName": 8989,
                "DirectReturn": false
              },
              {
                "LBFEName": "SF",
                "LBBEName": "SF",
                "RuleName": "SF-8990",
                "LBFEPort": 8990,
                "LBBEPort": 8990,
                "ProbeName": 8990,
                "DirectReturn": false
              }
            ]
          }
        ],
        "LBInfo": [
          {
            "Name": "PLB01",
            "Zone": 1,
            "ASName": "PLB01",
            "Sku": "Standard",
            "Type": "Public",
            "BackEnd": ["PLB01"],
            "FrontEnd": [
              {
                "Type": "Public",
                "LBFEName": "PLB01",
                "PublicIP": "Static"
              }
            ],
            "outboundRules": [
              {
                "LBFEName": "PLB01",
                "allocatedOutboundPorts": 1024,
                "idleTimeoutInMinutes": 4,
                "enableTcpReset": true,
                "protocol": "All"
              }
            ]
          },
          {
            "Name": "FIL",
            "ASName": "FIL",
            "Sku": "Standard",
            "Type": "Private",
            "BackEnd": ["FIL"],
            "FrontEnd": [
              {
                "SNName": "MT02",
                "LBFEName": "FIL",
                "LBFEIP": "254"
              }
            ],
            "Probes": [
              {
                "ProbeName": "FIL-MQ",
                "LBBEProbePort": 5672
              },
              {
                "ProbeName": "FIL-MQ-ADMIN",
                "LBBEProbePort": 15672
              }
            ],
            "Services": [
              {
                "LBFEName": "FIL",
                "LBBEName": "FIL",
                "RuleName": "FIL-MQ",
                "LBFEPort": 5672,
                "LBBEPort": 5672,
                "ProbeName": "FIL-MQ",
                "DirectReturn": false
              },
              {
                "LBFEName": "FIL",
                "LBBEName": "FIL",
                "RuleName": "FIL-MQ-ADMIN",
                "LBFEPort": 15672,
                "LBBEPort": 15672,
                "ProbeName": "FIL-MQ-ADMIN",
                "DirectReturn": false
              }
            ]
          },
          {
            "Name": "CLS01",
            "ASName": "CLS01",
            "Sku": "Basic",
            "Type": "Private",
            "BackEnd": ["CLS01"],
            "FrontEnd": [
              {
                "SNName": "BE02",
                "Type": "Private",
                "LBFEName": "AG01",
                "LBFEIP": "110"
              }
            ],
            "Probes": [
              {
                "ProbeName": "AO-59999",
                "LBBEProbePort": 59999
              }
            ],
            "Services": [
              {
                "RuleName": "AG01",
                "LBFEName": "AG01",
                "LBFEPort": 1433,
                "LBBEPort": 1433,
                "ProbeName": "AO-59999",
                "DirectReturn": true
              }
            ]
          }
        ],
        "ContainerRegistry": [
          {
            "Name": "CTN01",
            "SKU": "Standard",
            "adminUserEnabled": true
          }
        ],
        "SQLMInstances": [
          {
            "name": "MI01",
            "storageSizeInGB": "32",
            "vCores": "16",
            "hardwareFamily": "Gen5",
            "skuName": "BC_Gen5",
            "skuTier": "BusinessCritical",
            "SNName": "BE01"
          }
        ],
        "AKS": [
          {
            "Name": "AKS01",
            "Version": "1.11.5",
            "AgentPools": [
              {
                "name": "NodePool1",
                "count": 2,
                "osDiskSizeGb": 30,
                "osType": "Linux",
                "maxPods": 110,
                "storageProfile": "ManagedDisks",
                "vmSize": "Standard_D1_v2"
              }
            ]
          }
        ],
        "CosmosDB": [
          {
            "dbName": "CDB04",
            "Kind": "GlobalDocumentDB",
            "defaultConsistencyLevel": "Strong",
            "enableMultipleWriteLocations": false,
            "enableAutomaticFailover": true,
            "databaseName": "Customers",
            "containerName": "Info"
          }
        ],
        "APIMInfo": [
          {
            "name": "01",
            "dnsName": "API",
            "apimSku": "Consumption",
            "snName": "BE03"
          }
        ],
        "RedisInfo": [
          {
            "Name": "APIM01"
          }
        ],
        "AppServersVMSS_oldconfig": [
          {
            "Name": "API",
            "SFName": "contoso",
            "Role": "API",
            "ASName": "API",
            "OSType": "Server2016SS",
            "Subnet": "MT02",
            "LB": "API",
            "NATName": "RDP",
            "Capacity": 3,
            "IsPrimary": false,
            "durabilityLevel": "Bronze",
            "placementProperties": {
              "OSType": "Server2016SS",
              "NodeKind": "API01"
            }
          },
          {
            "Name": "SF",
            "SFName": "contoso",
            "Role": "SF",
            "ASName": "SF",
            "OSType": "Server2016SS",
            "Subnet": "MT02",
            "LB": "SF",
            "NATName": "RDP",
            "Capacity": 3,
            "IsPrimary": true,
            "durabilityLevel": "Bronze",
            "placementProperties": {
              "OSType": "Server2016SS",
              "NodeKind": "SF"
            }
          }
        ],
        "AppServersSF": [
          {
            "SFName": "contoso",
            "LBFEIP": "253",
            "Subnet": "MT02",
            "reliabilityLevel": "Bronze"
          }
        ],
        "ASRInfo": [
          {
            "SourceRG": "S1",
            "SourceRegion": "AZC1",
            "SourceSasuffix": "cache",
            "DestinationRG": "S2",
            "DestinationRegion": "AZE2",
            "DestinationRSVName": "ASRRecoveryVault",
            "DestinationLogAnalytics": "LogAnalytics",
            "RSVSkuName": "RS0",
            "RSVSkuTier": "Standard",
            "ReplicationPolicyName": "24-hour-retention-policy",
            "RecoveryPlanName": "Failover"
          }
        ],
        "Appservers": {
          "ADPrimary": [
            {
              "Name": "DC01",
              "Role": "ADp",
              "ASName": "AD",
              "DDRole": "32GB",
              "OSType": "Server2016Coresmall",
              "ExcludeDomainJoin": 1,
              "Zone": 1,
              "NICs": [
                {
                  "Subnet": "AD01",
                  "Primary": 1,
                  "StaticIP": "75"
                }
              ]
            }
          ],
          "ADSecondary": [
            {
              "Name": "DC02",
              "Role": "ADs",
              "ASName": "AD",
              "DDRole": "32GB",
              "OSType": "Server2016Coresmall",
              "Zone": 2,
              "NICs": [
                {
                  "Subnet": "AD01",
                  "Primary": 1,
                  "StaticIP": "76"
                }
              ]
            }
          ],
          "AppServers": [
            {
              "Name": "JMP01",
              "Role": "JMP",
              "ASName": "JMP",
              "DDRole": "64GB",
              "OSType": "Server2019small",
              "Zone": 1,
              "IncludeDevOpsAgent": 0,
              "ExcludeDomainJoin": 0,
              "ASR": 1,
              "NICs": [
                {
                  "Subnet": "FE01",
                  "Primary": 1,
                  "FastNic": 1,
                  "PublicIP": "Static",
                  "StaticIP": "62"
                }
              ]
            }
          ],
          "VMFile2": [
            {
              "Name": "FIL01",
              "Role": "FIL",
              "ASName": "FIL",
              "DDRole": "FIL64GB",
              "OSType": "Server2019small",
              "Zone": 1,
              "NICs": [
                {
                  "Subnet": "MT02",
                  "Primary": 1,
                  "FastNic": 1,
                  "StaticIP": "253"
                }
              ],
              "AppInfo": {
                "ClusterInfo": {
                  "CLIP": "251",
                  "CLNAME": "CLS01",
                  "Primary": "FIL01",
                  "Secondary": [
                    "FIL02"
                  ]
                },
                "SOFSInfo": [
                  {
                    "Name": "SOFS01",
                    "Volumes": [
                      {
                        "Name": "Volume1",
                        "Size": 16
                      },
                      {
                        "Name": "Volume2",
                        "Size": 16
                      }
                    ]
                  }
                ]
              }
            },
            {
              "Name": "FIL02",
              "Role": "FIL",
              "ASName": "FIL",
              "DDRole": "FIL64GB",
              "OSType": "Server2019small",
              "Zone": 2,
              "NICs": [
                {
                  "Subnet": "MT02",
                  "Primary": 1,
                  "FastNic": 1,
                  "StaticIP": "252"
                }
              ]
            }
          ],
          "VMFile": [
            {
              "Name": "DFS01",
              "Role": "DFS",
              "ASName": "DFS",
              "DDRole": "FIL64GB",
              "OSType": "Server2019small",
              "Zone": 1,
              "NICs": [
                {
                  "Subnet": "MT02",
                  "Primary": 1,
                  "FastNic": 1,
                  "StaticIP": "249",
                  "SLB": "FIL"
                }
              ],
              "AppInfo2": {
                "ClusterInfo": {
                  "CLIP": "247",
                  "CLNAME": "CLS03",
                  "Primary": "DFS01",
                  "Secondary": [
                    "DFS02"
                  ]
                },
                "SOFSInfo": [
                  {
                    "Name": "SOFS02",
                    "Volumes": [
                      {
                        "Name": "Volume1",
                        "Size": 16
                      },
                      {
                        "Name": "Volume2",
                        "Size": 16
                      }
                    ]
                  }
                ]
              }
            },
            {
              "Name": "DFS02",
              "Role": "DFS",
              "ASName": "DFS",
              "DDRole": "FIL64GB",
              "OSType": "Server2019small",
              "Zone": 2,
              "NICs": [
                {
                  "Subnet": "MT02",
                  "Primary": 1,
                  "FastNic": 1,
                  "StaticIP": "248",
                  "SLB": "FIL"
                }
              ]
            }
          ],
          "AppServersFoo": [
            {
              "Name": "JMP02",
              "Role": "JMP",
              "ASName": "JMP",
              "DDRole": "64GB",
              "OSType": "Server2019small",
              "NICs": [
                {
                  "Subnet": "FE01",
                  "Primary": 1,
                  "FastNic": 1,
                  "PublicIP": "Static",
                  "StaticIP": "61"
                }
              ]
            },
            {
              "Name": "JMP03",
              "Role": "JMP",
              "ASName": "JMP",
              "DDRole": "64GB",
              "OSType": "Server2019small",
              "NICs": [
                {
                  "Subnet": "FE01",
                  "Primary": 1,
                  "FastNic": 1,
                  "PublicIP": "Static",
                  "StaticIP": "60"
                }
              ]
            }
          ],
          "AppServersLinux": [
            {
              "Name": "LIN01",
              "Role": "LIN",
              "ASName": "LIN",
              "DDRole": "64GB",
              "OSType": "CentOS75",
              "AdminUser": "localadmin",
              "NICs": [
                {
                  "Subnet": "FE01",
                  "Primary": 1,
                  "FastNic": 1,
                  "StaticIP": "59",
                  "PublicIP": "Static"
                }
              ]
            }
          ],
          "SQLServers2": [
            {
              "Name": "SQL01",
              "OSType": "Server2016",
              "ASName": "CLS01",
              "Role": "SQL",
              "DDRole": "SQL64GB",
              "Zone": 1,
              "NICs": [
                {
                  "Subnet": "BE02",
                  "SLB2": "CLS01",
                  "FastNic": 1,
                  "Primary": 1,
                  "StaticIP": "107"
                }
              ],
              "AppInfo": {
                "ClusterInfo": {
                  "CLIP": "109",
                  "CLNAME": "CLS01",
                  "Primary": "SQL01",
                  "Secondary": [
                    "SQL02"
                  ]
                },
                "aoinfo": [
                  {
                    "GroupName": "AG01",
                    "PrimaryAG": "SQL01",
                    "SecondaryAG": "SQL02",
                    "AOIP": "110",
                    "ProbePort": "59999",
                    "InstanceName": "CTO_1"
                  }
                ]
              }
            }
          ],
          "SQLServers": [
            {
              "Name": "SQL01",
              "OSType": "Server2016",
              "ASName": "CLS01",
              "Role": "SQL",
              "DDRole": "SQL64GB",
              "Zone": 1,
              "NICs": [
                {
                  "Subnet": "BE02",
                  "SLB2": "CLS01",
                  "FastNic": 1,
                  "Primary": 1,
                  "StaticIP": "107"
                }
              ],
              "AppInfo": {
                "ClusterInfo": {
                  "CLIP": "106",
                  "CLNAME": "CLS01",
                  "Primary": "SQL01",
                  "Secondary": [
                    "SQL02"
                  ]
                },
                "aoinfo": [
                  {
                    "GroupName": "AG01",
                    "PrimaryAG": "SQL01",
                    "SecondaryAG": "SQL02",
                    "AOIP": "110",
                    "ProbePort": "59999",
                    "InstanceName": "CTO_1"
                  }
                ]
              }
            },
            {
              "Name": "SQL02",
              "OSType": "Server2016",
              "CLNAME": "CLS01",
              "ASName": "CLS01",
              "Role": "SQL",
              "DDRole": "SQL64GB",
              "Zone": 2,
              "NICs": [
                {
                  "Subnet": "BE02",
                  "SLB2": "CLS01",
                  "FastNic": 1,
                  "Primary": 1,
                  "StaticIP": "108"
                }
              ],
              "AppInfo": {
                "ClusterInfo": {
                  "CLIP": "109",
                  "CLNAME": "CLS01",
                  "Primary": "SQL01",
                  "Secondary": [
                    "SQL02"
                  ]
                },
                "aoinfo": [
                  {
                    "GroupName": "AG01",
                    "PrimaryAG": "SQL01",
                    "SecondaryAG": "SQL02",
                    "InstanceName": "CTO_1"
                  }
                ]
              }
            },
            {
              "Name": "SQL03",
              "OSType": "Server2016",
              "CLNAME": "CLS01",
              "ASName": "CLS01",
              "Role": "SQL",
              "DDRole": "SQL64GB",
              "Zone": 2,
              "NICs": [
                {
                  "Subnet": "BE02",
                  "SLB2": "CLS01",
                  "FastNic": 1,
                  "Primary": 1,
                  "StaticIP": "109"
                }
              ],
              "AppInfo": {
                "ClusterInfo": {
                  "CLIP": "109",
                  "CLNAME": "CLS01",
                  "Primary": "SQL01",
                  "Secondary": [
                    "SQL02"
                  ]
                },
                "aoinfo": [
                  {
                    "GroupName": "AG01",
                    "PrimaryAG": "SQL01",
                    "SecondaryAG": "SQL02",
                    "InstanceName": "CTO_1"
                  }
                ]
              }
            }
          ]
        },
        "WAFInfo": [
          {
            "Name": "API",
            "WAFEnabled": true,
            "WAFMode": "Prevention",
            "WAFPolicyAttached": true,
            "WAFTier": "WAF_v2",
            "WAFCapacity": 2,
            "PrivateIP": "30",
            "SSLCerts": [
              "ContosoWildcardMulti"
            ],
            "commentFQDN": "for FQDNs Justuse NetBios since Domain is AddedfromGlobalParam",
            "BEIPs": [
              "254"
            ],
            "frontEndPorts": [
              {
                "Port": 80
              },
              {
                "Port": 443
              }
            ],
            "BackendHttp": [
              {
                "Port": 8988,
                "Protocol": "http",
                "CookieBasedAffinity": "Disabled",
                "RequestTimeout": 600,
                "Cert": "ContosoWildcardMulti",
                "hostname": "contoso.io"
              },
              {
                "Port": 8989,
                "Protocol": "http",
                "CookieBasedAffinity": "Disabled",
                "RequestTimeout": 600,
                "Cert": "ContosoWildcardMulti",
                "hostname": "contoso.com"
              },
              {
                "Port": 8990,
                "Protocol": "http",
                "CookieBasedAffinity": "Disabled",
                "RequestTimeout": 600,
                "Cert": "ContosoWildcardMulti",
                "hostname": "contoso.com"
              }
            ],
            "Listeners": [
              {
                "Port": 443,
                "BackendPort": "8988",
                "Protocol": "https",
                "Cert": "ContosoWildcardMulti",
                "Domain": "contoso.com",
                "Hostname": "yates",
                "Interface": "Public"
              },
              {
                "Port": 443,
                "BackendPort": "8989",
                "Protocol": "https",
                "Cert": "ContosoWildcardMulti",
                "Domain": "contoso.com",
                "Hostname": "select",
                "Interface": "Public"
              },
              {
                "Port": 443,
                "BackendPort": "8990",
                "Protocol": "https",
                "Cert": "ContosoWildcardMulti",
                "Domain": "contoso.com",
                "Hostname": "sentry",
                "Interface": "Public"
              },
              {
                "Port": 443,
                "BackendPort": "8990",
                "Protocol": "https",
                "Cert": "ContosoWildcardMulti",
                "Domain": "contoso.com",
                "Hostname": "",
                "Interface": "Public"
              },
              {
                "Port": 80,
                "Protocol": "http",
                "Domain": "contoso.com",
                "Hostname": "",
                "Interface": "Public"
              },
              {
                "Port": 80,
                "Protocol": "http",
                "Domain": "contoso.com",
                "Hostname": "select",
                "Interface": "Public"
              },
              {
                "Port": 80,
                "Protocol": "http",
                "Domain": "contoso.com",
                "Hostname": "sentry",
                "Interface": "Public"
              },
              {
                "Port": 80,
                "Protocol": "http",
                "Domain": "contoso.com",
                "Hostname": "yates",
                "Interface": "Public"
              }
            ]
          }
        ]
      }
    }
  }
}