{
  "$schema": "https://schema.management.azure.com/schemas/2015-01-01/deploymentParameters.json#",
  "contentVersion": "1.0.0.0",
  "parameters": {
    "Prefix": {
      "value": "AZC1"
    },
    "Environment": {
      "value": "G"
    },
    "DeploymentID": {
      "value": "0"
    },
    "Stage": {
      "value": {
        "RG": 0,
        "RBAC": 1,
        "RoleDefinition": 1,
        "KV": 0,
        "OMS": 1,
        "SA": 0,
        "StorageSync": 0,
        "OMSSolutions": 1,
        "OMSDataSources": 1,
        "OMSUpdateWeekly": 0,
        "OMSUpdateMonthly": 0,
        "RSV": 1,
        "NSG": 0,
        "VNet": 1,
        "VNetPeering": 1,
        "LinkPrivateDns": 0,
        "RT": 0,
        "FW": 0,
        "DNSPublicZone": 0,
        "DNSPrivateZone": 0,
        "ADPrimary": 1,
        "ADSecondary": 0,
        "LB": 1,
        "PLB": 1,
        "VMApp": 1,
        "VMAppLinux": 0,
        "VMSQL": 0,
        "VMFILE": 1,
        "VMSS": 0,
        "WAF": 0,
        "SetExternalDNS": 0,
        "SetInternalDNS": 0,
        "APPCONFIG": 0,
        "REDIS": 0,
        "APIM": 0,
        "ACR": 0,
        "ACI": 0,
        "AKS": 0,
        "SQLMI": 0,
        "CosmosDB": 0,
        "DASHBOARD": 0,
      }
    },
    "Extensions": {
      "value": {
        "MonitoringAgent": 1,
        "IaaSDiagnostics": 1,
        "DependencyAgent": 1,
        "AzureMonitorAgent": 1,
        "GuestHealthAgent": 1,
        "AdminCenter": 0,
        "BackupWindowsWorkloadSQL": 0,
        "DSC": 0,
        "Scripts": 1,
        "MSI": 1,
        "CertMgmt": 0,
        "DomainJoin": 1,
        "Antimalware": 1,
        "VMSSAzureADEnabled": 1,
        "SqlIaasExtension": 0,
        "AzureDefender": 0
      }
    },
    "DeploymentInfo": {
      "value": {
        "rolesInfo": [
          {
            "Name": "Owner",
            "Member": "benwilk@Microsoft.com"
          }
        ],
        "RoleDefinitionsInfo": [
          {
            "RoleName": "Key_Vault_Reader",
            "description": "Lets you run deployments from the KeyVault",
            "notActions": [],
            "actions": [
              "MICROSOFT.KEYVAULT/VAULTS/DEPLOY/ACTION"
            ]
          }
        ]
      }
    }
  }
}