{
  "$schema": "https://schema.management.azure.com/schemas/2015-01-01/deploymentParameters.json#",
  "contentVersion": "1.0.0.0",
  "parameters": {
    "Prefix": {
      "value": "AZC1"
    },
    "Environment": {
      "value": "S"
    },
    "DeploymentID": {
      "value": "1"
    },
    "Stage": {
      "value": {
        "RG": 1,
        "RBAC": 1,
        "UAI": 1,
        "SP": 1,
        "KV": 1,
        "OMS": 1,
        "OMSSolutions": 1,
        "OMSDataSources": 1,
        "OMSUpdateWeekly": 0,
        "OMSUpdateMonthly": 0,
        "SA": 1,
        "CDN": 0,
        "StorageSync": 1,
        "RSV": 0,
        "NSG": 1,
        "NetworkWatcher": 0,
        "FlowLogs": 1,
        "VNet": 1,
        "VNetPeering": 1,
        "RT": 1,
        "FW": 0,
        "LinkPrivateDns": 0,
        "DNSPublicZone": 0,
        "DNSPrivateZone": 0,
        "PrivateLink": 1,
        "LB": 0,
        "PLB": 0,
        "ADPrimary": 0,
        "ADSecondary": 0,
        "InitialDOP": 1,
        "VMApp": 0,
        "VMAppLinux": 0,
        "VMSQL": 0,
        "VMFILE": 0,
        "VMSS": 0,
        "WAFPOLICY": 0,
        "FRONTDOOR": 0,
        "WAF": 1,
        "SetExternalDNS": 0,
        "SetInternalDNS": 0,
        "APPCONFIG": 0,
        "REDIS": 0,
        "APIM": 1,
        "ACR": 1,
        "ACI": 0,
        "AKS": 0,
        "SQLMI": 0,
        "CosmosDB": 0,
        "DASHBOARD": 0,
        "ServerFarm": 1,
        "WebSite": 0,
        "WebSiteContainer": 0,
        "ManagedEnv": 0,
        "ContainerApp": 0,
        "MySQLDB": 0,
        "Function": 1,
        "SB": 1,
        "AzureSYN": 0,
        "AzureSQL": 0
      }
    },
    "Extensions": {
      "value": {
        "MonitoringAgent": 1,
        "IaaSDiagnostics": 1,
        "DependencyAgent": 1,
        "AzureMonitorAgent": 1,
        "GuestHealthAgent": 1,
        "AdminCenter": 0,
        "BackupWindowsWorkloadSQL": 0,
        "DSC": 1,
        "GuestConfig": 1,
        "Scripts": 1,
        "MSI": 0,
        "CertMgmt": 0,
        "DomainJoin": 1,
        "Antimalware": 1,
        "VMSSAzureADEnabled": 1,
        "SqlIaasExtension": 0,
        "AzureDefender": 0
      }
    },
    "DeploymentInfo": {
      "value": {
        "uaiInfo": [
          {
            "name": "StorageAccountFileContributor",
            "RBAC": [
              {
                "Name": "Storage File Data SMB Share Contributor"
              }
            ]
          },
          {
            "name": "StorageAccountOperator",
            "RBAC": [
              {
                "Name": "Storage Account Key Operator Service Role"
              }
            ]
          },
          {
            "name": "StorageAccountContributor",
            "RBAC": [
              {
                "Name": "Storage Blob Data Contributor"
              },
              {
                "Name": "Storage Queue Data Contributor"
              }
            ]
          },
          {
            "name": "AzureServiceBusDataOwner",
            "RBAC": [
              {
                "Name": "Azure Service Bus Data Owner"
              },
              {
                "Name": "Azure Service Bus Data Sender"
              },
              {
                "Name": "Azure Service Bus Data Receiver"
              }
            ]
          },
          {
            "name": "VMOperator",
            "RBAC": [
              {
                "Name": "Virtual Machine Contributor",
                "RG": "S1"
              }
            ]
          }
        ],
        "rolesInfo": [
          {
            "Name": "Contributor",
            "Member": "benwilk@Microsoft.com"
          },
          {
            "Name": "Key Vault Administrator",
            "Member": "benwilk@Microsoft.com"
          }
        ],
        "SubnetInfo": [
          {
            "name": "snWAF01",
            "prefix": "0/27",
            "NSG": 1
          },
          {
            "name": "snFE01",
            "prefix": "32/27",
            "NSG": 1,
            "Route": false
          },
          {
            "name": "snAD01",
            "prefix": "64/28",
            "NSG": 1,
            "Route": false
          },
          {
            "name": "snBE01",
            "prefix": "80/28",
            "NSG": 1,
            "Route": false
          },
          {
            "name": "AzureBastionSubnet",
            "prefix": "96/27",
            "NSG": 1,
            "Route": false
          },
          {
            "name": "AzureFirewallSubnet",
            "prefix": "128/26",
            "NSG": 0
          },
          {
            "name": "snMT01",
            "prefix": "0/25",
            "NSG": 1,
            "Route": false,
            "delegations": "Microsoft.Web/serverfarms"
          },
          {
            "name": "snMT02",
            "prefix": "128/25",
            "NSG": 1,
            "Route": false
          }
        ],
        "saInfo": [
          {
            "name": "naslfse",
            "skuName": "Standard_LRS",
            "allNetworks": 1,
            "largeFileSharesState": "Enabled",
            "logging": {
              "r": 0,
              "w": 0,
              "d": 1
            }
          },
          {
            "name": "naslfsd",
            "skuName": "Standard_LRS",
            "allNetworks": 1,
            "largeFileSharesState": "Disabled"
          },
          {
            "name": "naslfsn",
            "skuName": "Standard_LRS",
            "allNetworks": 1,
            "largeFileSharesState2": "Enabled"
          },
          {
            "name": "nas",
            "skuName": "Standard_LRS",
            "allNetworks": 1,
            "largeFileSharesState": "Enabled"
          },
          {
            "name": "diag",
            "skuName": "Standard_LRS",
            "allNetworks": 1
          },
          {
            "name": "witness",
            "skuName": "Standard_ZRS",
            "allNetworks": 1
          },
          {
            "name": "dis01",
            "skuName": "Standard_ZRS",
            "allNetworks": 1,
            "PrivateLinkInfo": [
              {
                "Subnet": "snMT02",
                "groupID": "blob"
              },
              {
                "Subnet": "snMT02",
                "groupID": "queue"
              }
            ]
          },
          {
            "name": "sqlbackup",
            "skuName": "Standard_ZRS",
            "allNetworks": 1
          }
        ],
        "StorageSyncInfo": [
          {
            "Name": "NAS",
            "sasuffix": "nas",
            "ShareQuota": 102400,
            "SyncGroups": [
              "NAS"
            ]
          }
        ],
        "DNSPrivateZoneInfo": [
          {
            "linkDNS": 1,
            "zone": "Contoso.com",
            "Autoregistration": false
          },
          {
            "linkDNS": 1,
            "zone": "Fabrikam.com",
            "Autoregistration": false
          }
        ],
        "RTInfo": [
          {
            "Name": "Contoso-Hub",
            "Routes": [
              {
                "Name": "Default-Azure-FW",
                "addressPrefix": "0.0.0.0/0",
                "nextHopFW": "vnFW01",
                "nextHopType": "VirtualAppliance"
              }
            ]
          }
        ],
        "KVInfo": [
          {
            "Name": "AppVault",
            "skuName": "standard",
            "softDelete": true,
            "PurgeProtection": true,
            "RbacAuthorization": true,
            "UserAssignedIdentity": {
              "name": "KeyVaultSecretsGetApp",
              "permission": "SecretsGetAndList"
            },
            "allNetworks": 0,
            "PrivateLinkInfo": [
              {
                "Subnet": "snMT02",
                "groupID": "vault"
              }
            ]
          }
        ],
        "appConfigurationInfo": [
          {
            "name": "Config01",
            "sku": "standard",
            "publicNetworkAccess": 1
          }
        ],
        "SBInfo": [
          {
            "Name": "BUSOrderTracking",
            "sku": "Premium",
            "skuCapacity": 1,
            "zoneRedundant": false,
            "topics": [
              {
                "Name": "TopicOrderTracking",
                "subscriptions": {
                  "Name": "SubOrderTracking"
                }
              }
            ],
            "PrivateLinkInfo": [
              {
                "Subnet": "snBE01",
                "groupID": "namespace"
              }
            ]
          }
        ],
        "AzureSQLInfo": [
          {
            "Name": "IMG01",
            "administratorLogin": "brw",
            "AdminName": "brw",
            "publicNetworkAccess": 0,
            "allNetworks": 0,
            "PrivateLinkInfo": [
              {
                "Subnet": "snBE01",
                "groupID": "sqlServer"
              }
            ]
          }
        ],
        "AzureSQLElasticPoolInfo": [
          {
            "Name": "EP01",
            "skuName": "GP_Gen5",
            "skuTier": "GeneralPurpose",
            "skuFamily": "Gen5",
            "skuCapacity": 2,
            "maxSizeGB": 8,
            "minCapacity": 0,
            "maxCapacity": 2,
            "zoneRedundant": false,
            "licenceType": "BasePrice"
          }
        ],
        "AzureSQLDBInfo": [
          {
            "DBName": "DB01",
            "PoolName": "POOL01",
            "ServerName": "IMG01",
            "skuName": "S0"
          }
        ],
        "appServiceplanInfo": [
          {
            "Name": "ASP01",
            "kind": "elastic",
            "perSiteScaling": false,
            "reserved": false,
            "skuname": "EP1",
            "skutier": "ElasticPremium",
            "skucapacity": 1,
            "maxWorkerCount": 100,
            "deploy": 1
          }
          // {
          //   "Name": "WPS01",
          //   "kind": "app",
          //   "perSiteScaling": false,
          //   "reserved": false,
          //   "skuname": "P1v2",
          //   "skutier": "PremiumV2",
          //   "skucapacity": 1,
          //   "deploy": 1
          // }
        ],
        "appServiceplanInfo3": [
          {
            "Name": "ASP03",
            "kind": "functionapp",
            "perSiteScaling": false,
            "reserved": false,
            "skuname": "P1v2",
            "skutier": "PremiumV2",
            "skucapacity": 1,
            "deploy": 0
          },
          {
            "Name": "ASP02",
            "kind": "functionapp",
            "perSiteScaling": false,
            "reserved": false,
            "skuname": "Y1",
            "skutier": "Dynamic",
            "skucapacity": 0,
            "deploy": 0
          },
          {
            "Name": "ASP01",
            "kind": "elastic",
            "perSiteScaling": false,
            "reserved": false,
            "skuname": "EP1",
            "skutier": "ElasticPremium",
            "skucapacity": 1,
            "maxWorkerCount": 30,
            "deploy": 1
          }
        ],
        "WebSiteInfo": [
          {
            "Name": "WPS01",
            "kind": "app",
            "AppSVCPlan": "ASP03",
            "saname": "wps01"
          }
        ],
        "FunctionInfo": [
          {
            "Name": "DIS01",
            "kind": "functionapp",
            "AppSVCPlan": "ASP01",
            "saname": "dis01",
            "stack": "dotnet",
            "subnet": "snMT01",
            "preWarmedCount": 1,
            "deploy": 0
          },
          {
            "Name": "PS01",
            "kind": "functionapp",
            "AppSVCPlan": "ASP01",
            "saname": "dis01",
            "stack": "powershell",
            "subnet": "snMT01",
            "preWarmedCount": 1,
            "deploy": 1
          }
        ],
        "RedisInfo": [
          {
            "Name": "APIM01",
            "sku": "P1"
          },
          {
            "Name": "APIM02",
            "sku": "C1"
          },
          {
            "Name": "APIM03",
            "sku": "C0"
          },
          {
            "Name": "APIM04",
            "sku": "B0"
          },
          {
            "Name": "APIM05",
            "sku": "B1"
          }
        ],
        "APIMInfo": [
          {
            "name": "01",
            "dnsName": "API",
            "apimSku": "Developer",
            "snName": "BE01"
          }
        ],
        "MYSQLInfo": [
          {
            "Name": "WPS01",
            "skuTier": "GeneralPurpose",
            "skuCoreCount": 2,
            "skuFamily": "Gen5",
            "MySQLVersion": "5.7",
            "backupRetentionDays": 7,
            "StorageMB": 5120,
            "dbUserName": "localadmin"
          }
        ],
        "ASRInfo": [
          {
            "SourceRG": "S1",
            "SourceRegion": "AZC1",
            "SourceSasuffix": "cache",
            "DestinationRG": "S2",
            "DestinationRegion": "AZE2",
            "DestinationRSVName": "ASRRecoveryVault",
            "DestinationLogAnalytics": "LogAnalytics",
            "RSVSkuName": "RS0",
            "RSVSkuTier": "Standard",
            "ReplicationPolicyName": "24-hour-retention-policy",
            "RecoveryPlanName": "Failover"
          }
        ],
        "LBInfo": [
          {
            "Name": "CLS01",
            "ASName": "CLS01",
            "Sku": "Basic",
            "Type": "Private",
            "BackEnd": [
              "CLS01"
            ],
            "FrontEnd": [
              {
                "SNName": "BE01",
                "LBFEName": "AG01",
                "LBFEIP": "92"
              }
            ],
            "Probes": [
              {
                "ProbeName": "AO-59999",
                "LBBEProbePort": 59999
              }
            ],
            "Services": [
              {
                "RuleName": "AG01",
                "LBFEName": "AG01",
                "LBFEPort": 1433,
                "LBBEPort": 1433,
                "ProbeName": "AO-59999",
                "DirectReturn": true
              }
            ]
          }
        ],
        "Appservers": {
          "SQLServers": [
            {
              "Name": "SQL01",
              "OSType": "Server2016",
              "ASName": "CLS01",
              "Role": "SQL",
              "DDRole": "SQL64GB",
              "Zone": 1,
              "NICs": [
                {
                  "Subnet": "BE01",
                  "SLB2": "CLS01",
                  "FastNic": 1,
                  "Primary": 1,
                  "StaticIP": "94"
                }
              ],
              "AppInfo": {
                "ClusterInfo": {
                  "CLIP": "92",
                  "CLNAME": "CLS01",
                  "Primary": "SQL01",
                  "Secondary": [
                    "SQL02"
                  ]
                },
                "aoinfo": [
                  {
                    "GroupName": "AG01",
                    "PrimaryAG": "SQL01",
                    "SecondaryAG": "SQL02",
                    "AOIP": "110",
                    "ProbePort": "59999",
                    "InstanceName": "CTO_1"
                  }
                ]
              }
            },
            {
              "Name": "SQL02",
              "OSType": "Server2016",
              "CLNAME": "CLS01",
              "ASName": "CLS01",
              "Role": "SQL",
              "DDRole": "SQL64GB",
              "Zone": 2,
              "NICs": [
                {
                  "Subnet": "BE01",
                  "SLB2": "CLS01",
                  "FastNic": 1,
                  "Primary": 1,
                  "StaticIP": "94"
                }
              ],
              "AppInfo": {
                "ClusterInfo": {
                  "CLIP": "93",
                  "CLNAME": "CLS01",
                  "Primary": "SQL01",
                  "Secondary": [
                    "SQL02"
                  ]
                },
                "aoinfo": [
                  {
                    "GroupName": "AG01",
                    "PrimaryAG": "SQL01",
                    "SecondaryAG": "SQL02",
                    "InstanceName": "CTO_1"
                  }
                ]
              }
            }
          ],
          "InitialDOP": [
            {
              "Name": "JMP01",
              "Role": "JMP",
              "ASName": "JMP",
              "DDRole": "64GB",
              "OSType": "Server2019small",
              "Zone": 1,
              "IncludeDevOpsAgent": 0,
              "ExcludeDomainJoin": 0,
              "ASR": 1,
              "NICs": [
                {
                  "Subnet": "FE01",
                  "Primary": 1,
                  "FastNic": 1,
                  "PublicIP": "Static",
                  "StaticIP": "62"
                }
              ]
            },
            {
              "Name": "JMP02",
              "Role": "JMP",
              "ASName": "JMP",
              "DDRole": "64GB",
              "OSType": "Server2019small",
              "Zone": 1,
              "IncludeDevOpsAgent": 0,
              "ExcludeDomainJoin": 0,
              "ASR": 1,
              "NICs": [
                {
                  "Subnet": "FE01",
                  "Primary": 1,
                  "FastNic": 1,
                  "PublicIP": "Static",
                  "StaticIP": "61"
                }
              ]
            }
          ],
          "AppServersLinux": [
            {
              "Name": "LIN01",
              "Role": "LIN",
              "ASName": "LIN",
              "DDRole": "0GB",
              "OSType": "cbld10",
              "Zone": 1,
              "AdminUser": "localadmin",
              "NICs": [
                {
                  "Subnet": "FE01",
                  "Primary": 1,
                  "FastNic": 1,
                  "StaticIP": "59",
                  "PublicIP": "Static"
                }
              ]
            },
            {
              "Name": "LIN02",
              "Role": "LIN",
              "ASName": "LIN",
              "DDRole": "0GB",
              "OSType": "CentOS75",
              "Zone": 1,
              "AdminUser": "localadmin",
              "NICs": [
                {
                  "Subnet": "FE01",
                  "Primary": 1,
                  "FastNic": 1,
                  "StaticIP": "58",
                  "PublicIP": "Static"
                }
              ]
            }
          ]
        },
        "WAFInfoNTE": [
          {
            "Name": "FE",
            "WAFEnabled": true,
            "WAFMode": "Prevention",
            "WAFPolicyAttached": true,
            "WAFPolicyName": "FE2",
            "WAFPolicyOld": false,
            "WAFTier": "WAF_v2",
            "WAFCapacity": 2,
            "PrivateIP": "252",
            "Interface": "Private",
            "SSLPolicy": "tls12",
            "SSLCerts": [
              "wildcardcontoso2021"
            ],
            "commentFQDN": "for FQDNs Justuse NetBios since Domain is AddedfromGlobalParam",
            "FQDNs": [
              "CNN01",
              "CNN02"
            ],
            "frontEndPorts": [
              {
                "Port": 80
              },
              {
                "Port": 443
              }
            ],
            "BackendHttp": [
              {
                "Port": 443,
                "Protocol": "https",
                "CookieBasedAffinity": "Disabled",
                "RequestTimeout": 600,
                "Cert": "wildcardcontoso2021",
                "hostname": "contoso.com"
              }
            ],
            "Listeners": [
              {
                "Port": 443,
                "BackendPort": "443",
                "Protocol": "https",
                "Cert": "wildcardcontoso2021",
                "Domain": "contoso.com",
                "Hostname": "FE"
              },
              {
                "Port": 80,
                "Protocol": "http",
                "Domain": "contoso.com",
                "Hostname": "FE"
              }
            ]
          }
        ],
        "WAFInfo": [
          {
            "Name": "API",
            "WAFEnabled": true,
            "WAFMode": "Detection",
            "WAFPolicyAttached": true,
            "WAFPolicyName": "FE2",
            "WAFTier": "WAF_v2",
            "WAFCapacity": 2,
            "PrivateIP": "30",
            "probe": "mywebwaftest.psthing.com",
            "probepath": "/",
            "SSLCerts": [
              "PSThing-WildCard"
            ],
            "commentFQDN": "for FQDNs Justuse NetBios since Domain is AddedfromGlobalParam",
            "FQDNs": [
              "JMP01"
            ],
            "pathRules": [
              {
                "Name": "map1",
                "Protocol": "https",
                "paths": [
                  "/map1"
                ]
              }
            ],
            "frontEndPorts": [
              {
                "Port": 80
              },
              {
                "Port": 443
              }
            ],
            "BackendHttp": [
              {
                "Port": 443,
                "Protocol": "https",
                "CookieBasedAffinity": "Enabled",
                "RequestTimeout": 600,
                "Cert": "PSThing-WildCard",
                "hostname": "psthing.com"
              }
            ],
            "Listeners": [
              {
                "Port": 443,
                "BackendPort": "443",
                "Protocol": "https",
                "Cert": "PSThing-WildCard",
                "Domain": "psthing.com",
                "Hostname": "waf",
                "Interface": "Public",
                "pathRules": "map1"
              },
              {
                "Port": 80,
                "Protocol": "http",
                "Domain": "psthing.com",
                "Hostname": "waf",
                "Interface": "Public",
                "pathRules": "map1"
              }
            ]
          }
        ]
      }
    }
  }
}