{
  "$schema": "https://schema.management.azure.com/schemas/2015-01-01/deploymentParameters.json#",
  "contentVersion": "1.0.0.0",
  "parameters": {
    "Prefix": {
      "value": "AZC1"
    },
    "Environment": {
      "value": "S"
    },
    "DeploymentID": {
      "value": "3"
    },
    "Stage": {
      "value": {
        "RG": 1,
        "RBAC": 1,
        "KV": 0,
        "OMS": 1,
        "OMSSolutions": 1,
        "OMSDataSources": 1,
        "OMSUpdateWeekly": 0,
        "OMSUpdateMonthly": 0,
        "SA": 1,
        "CDN": 0,
        "StorageSync": 0,
        "RSV": 0,
        "NSG": 1,
        "NetworkWatcher" : 0,
        "FlowLogs" : 1,
        "VNet": 1,
        "VNetPeering": 1,
        "DNSPublicZone": 0,
        "DNSPrivateZone": 0,
        "LinkPrivateDns": 0,
        "PrivateLink": 1,
        "RT": 1,
        "FW": 0,
        "ADPrimary": 0,
        "ADSecondary": 0,
        "LB": 0,
        "PLB": 0,
        "InitialDOP": 0,
        "VMApp": 1,
        "VMAppLinux": 0,
        "VMSQL": 0,
        "VMFILE": 0,
        "VMSS": 0,
        "WAFPOLICY": 0,
        "FRONTDOOR": 0,
        "WAF": 0,
        "SetExternalDNS": 0,
        "SetInternalDNS": 0,
        "APPCONFIG": 0,
        "REDIS": 0,
        "APIM": 0,
        "ACR": 0,
        "ACI": 0,
        "AKS": 0,
        "SQLMI": 0,
        "CosmosDB": 0,
        "DASHBOARD": 0,
        "ServerFarm": 0,
        "WebSite": 0,
        "WebSiteContainer": 0,
        "ManagedEnv": 0,
        "ContainerApp": 0,
        "MySQLDB": 0
      }
    },
    "Extensions": {
      "value": {
        "MonitoringAgent": 1,
        "IaaSDiagnostics": 1,
        "DependencyAgent": 1,
        "AzureMonitorAgent": 1,
        "GuestHealthAgent": 1,
        "AdminCenter": 0,
        "BackupWindowsWorkloadSQL": 0,
        "DSC": 1,
        "GuestConfig": 1,
        "Scripts": 1,
        "chefClient": 0,
        "MSI": 0,
        "CertMgmt": 0,
        "DomainJoin": 1,
        "Antimalware": 1,
        "VMSSAzureADEnabled": 1,
        "SqlIaasExtension": 0,
        "AzureDefender": 0
      }
    },
    "DeploymentInfo": {
      "value": {
        "rolesInfo": [
          {
            "Name": "Contributor",
            "Member": "benwilk@Microsoft.com"
          }
        ],
        "SubnetInfo": [
          {
            "name": "snWAF01",
            "prefix": "0/27",
            "NSG": 0
          },
          {
            "name": "snFE01",
            "prefix": "32/27",
            "NSG": 1,
            "Route": false
          },
          {
            "name": "snAD01",
            "prefix": "64/28",
            "NSG": 1,
            "Route": false
          },
          {
            "name": "snBE01",
            "prefix": "80/28",
            "NSG": 1,
            "Route": false
          },
          {
            "name": "AzureBastionSubnet",
            "prefix": "96/27",
            "NSG": 1,
            "Route": false
          },
          {
            "name": "AzureFirewallSubnet",
            "prefix": "128/26",
            "NSG": 0
          },
          {
            "name": "snMT02",
            "prefix": "0/24",
            "NSG": 1,
            "Route": false
          }
        ],
        "saInfo": [
          {
            "name": "nas",
            "skuName": "Standard_LRS",
            "allNetworks" :"Allow"
          },
          {
            "name": "diag",
            "skuName": "Standard_LRS",
            "allNetworks" :"Allow"
          },
          {
            "name": "witness",
            "skuName": "Standard_ZRS",
            "allNetworks" :"Allow"
          }
        ],
        "RTInfo": [
          {
            "Name": "Contoso-Hub",
            "Routes": [
              {
                "Name": "Default-Azure-FW",
                "addressPrefix": "0.0.0.0/0",
                "nextHopFW": "vnFW01",
                "nextHopType": "VirtualAppliance"
              }
            ]
          }
        ],
        "LBInfo": [
          {
            "Name": "PLB01",
            "Zone": 1,
            "ASName": "PLB01",
            "Sku": "Standard",
            "Type": "Public",
            "BackEnd": ["PLB01"],
            "FrontEnd": [
              {
                "LBFEName": "PLB01",
                "PublicIP": "Static"
              }
            ],
            "outboundRules": [
              {
                "LBFEName": "PLB01",
                "allocatedOutboundPorts": 1024,
                "idleTimeoutInMinutes": 4,
                "enableTcpReset": true,
                "protocol": "All"
              }
            ]
          },
          {
            "Name": "FIL",
            "ASName": "FIL",
            "Sku": "Standard",
            "Type": "Private",
            "BackEnd": ["FIL"],
            "FrontEnd": [
              {
                "SNName": "MT02",
                "LBFEName": "FIL",
                "LBFEIP": "254"
              }
            ],
            "Probes": [
              {
                "ProbeName": "FIL-MQ",
                "LBBEProbePort": 5672
              },
              {
                "ProbeName": "FIL-MQ-ADMIN",
                "LBBEProbePort": 15672
              }
            ],
            "Services": [
              {
                "LBFEName": "FIL",
                "LBBEName": "FIL",
                "RuleName": "FIL-MQ",
                "LBFEPort": 5672,
                "LBBEPort": 5672,
                "ProbeName": "FIL-MQ",
                "DirectReturn": false
              },
              {
                "LBFEName": "FIL",
                "LBBEName": "FIL",
                "RuleName": "FIL-MQ-ADMIN",
                "LBFEPort": 15672,
                "LBBEPort": 15672,
                "ProbeName": "FIL-MQ-ADMIN",
                "DirectReturn": false
              }
            ]
          },
          {
            "Name": "CLS01",
            "ASName": "CLS01",
            "Sku": "Basic",
            "Type": "Private",
            "BackEnd": ["CLS01"],
            "FrontEnd": [
              {
                "SNName": "BE02",
                "LBFEName": "AG01",
                "LBFEIP": "110"
              }
            ],
            "Probes": [
              {
                "ProbeName": "AO-59999",
                "LBBEProbePort": 59999
              }
            ],
            "Services": [
              {
                "RuleName": "AG01",
                "LBFEName": "AG01",
                "LBFEPort": 1433,
                "LBBEPort": 1433,
                "ProbeName": "AO-59999",
                "DirectReturn": true
              }
            ]
          }
        ],
        "ContainerRegistry": [
          {
            "Name": "CTN01",
            "SKU": "Standard",
            "adminUserEnabled": true
          }
        ],
        "SQLMInstances": [
          {
            "name": "MI01",
            "storageSizeInGB": "32",
            "vCores": "16",
            "hardwareFamily": "Gen5",
            "skuName": "BC_Gen5",
            "skuTier": "BusinessCritical",
            "SNName": "BE01"
          }
        ],
        "AKS": [
          {
            "Name": "AKS01",
            "Version": "1.11.5",
            "AgentPools": [
              {
                "name": "NodePool1",
                "count": 2,
                "osDiskSizeGb": 30,
                "osType": "Linux",
                "maxPods": 110,
                "storageProfile": "ManagedDisks",
                "vmSize": "Standard_D1_v2"
              }
            ]
          }
        ],
        "Appservers": {
          "ADPrimary": [
            {
              "Name": "DC01",
              "Role": "ADp",
              "ASName": "AD",
              "DDRole": "32GB",
              "OSType": "Server2016Coresmall",
              "ExcludeDomainJoin": 1,
              "Zone": 1,
              "NICs": [
                {
                  "Subnet": "AD01",
                  "Primary": 1,
                  "StaticIP": "75"
                }
              ]
            }
          ],
          "ADSecondary": [
            {
              "Name": "DC02",
              "Role": "ADs",
              "ASName": "AD",
              "DDRole": "32GB",
              "OSType": "Server2016Coresmall",
              "Zone": 2,
              "NICs": [
                {
                  "Subnet": "AD01",
                  "Primary": 1,
                  "StaticIP": "76"
                }
              ]
            }
          ],
          "AppServers": [
            {
              "Name": "JMP01",
              "Role": "JMP",
              "ASName": "JMP",
              "DDRole": "64GB",
              "OSType": "Server2019Containerssmall",
              "Zone": 1,
              "IncludeDevOpsAgent": 0,
              "ExcludeDomainJoin2": 0,
              "NICs": [
                {
                  "Subnet": "MT02",
                  "Primary": 1,
                  "FastNic": 1,
                  "StaticIP": "62",
                  "PublicIP": "Static"
                }
              ]
            }
          ],
          "AppServersLinux": [
            {
              "Name": "LIN01",
              "Role": "LIN",
              "ASName": "LIN",
              "DDRole": "64GB",
              "OSType": "UbuntuServer1904",
              "AdminUser": "localadmin",
              "NICs": [
                {
                  "Subnet": "MT02",
                  "Primary": 1,
                  "FastNic": 1,
                  "StaticIP": "59",
                  "PublicIP": "Static"
                }
              ]
            }
          ]
        }
      }
    }
  }
}