{
  "$schema": "https://schema.management.azure.com/schemas/2015-01-01/deploymentParameters.json#",
  "contentVersion": "1.0.0.0",
  "parameters": {
    "Prefix": {
      "value": "AZC1"
    },
    "Environment": {
      "value": "P"
    },
    "DeploymentID": {
      "value": "1"
    },
    "vmAdminPassword": {
      "reference": {
        "keyVault": {
          "id": "/subscriptions/b8f402aa-20f7-4888-b45c-3cf086dad9c3/resourceGroups/AZC1-BRW-ADF-RG-P0/providers/Microsoft.KeyVault/vaults/AZC1-BRW-ADF-P0-kvVault01"
        },
        "secretName": "psobject"
      }
    },
    "sshPublic": {
      "reference": {
        "keyVault": {
          "id": "/subscriptions/b8f402aa-20f7-4888-b45c-3cf086dad9c3/resourceGroups/AZC1-BRW-ADF-RG-P0/providers/Microsoft.KeyVault/vaults/AZC1-BRW-ADF-P0-kvVault01"
        },
        "secretName": "sshPublic"
      }
    },
    "Stage": {
      "value": {
        "RG": 1,
        "RBAC": 1,
        "KV": 1,
        "OMS": 1,
        "OMSSolutions": 1,
        "OMSDataSources": 1,
        "OMSUpdateWeekly": 0,
        "OMSUpdateMonthly": 0,
        "SA": 1,
        "CDN": 0,
        "StorageSync": 0,
        "RSV" : 0,
        "NSG": 0,
        "NetworkWatcher" : 0,
        "FlowLogs" : 1,
        "VNet": 1,
        "VNetPeering": 0,
        "LinkPrivateDns": 0,
        "RT": 0,
        "FW": 0,
        "DNSPublicZone": 0,
        "DNSPrivateZone": 0,
        "ADPrimary": 0,
        "ADSecondary": 0,
        "LB": 0,
        "PLB": 0,
        "InitialDOP": 0,
        "VMApp": 0,
        "VMAppLinux": 0,
        "VMSQL": 0,
        "VMFILE": 0,
        "VMSS": 0,
        "WAFPOLICY": 0,
        "FRONTDOOR": 0,
        "WAF": 0,
        "SetExternalDNS": 0,
        "SetInternalDNS": 0,
        "APPCONFIG": 0,
        "REDIS": 0,
        "APIM": 0,
        "ACR": 0,
        "ACI": 0,
        "AKS": 0,
        "SQLMI": 0,
        "CosmosDB": 0,
        "DASHBOARD": 0,
      }
    },
    "Extensions": {
      "value": {
        "MonitoringAgent": 1,
        "IaaSDiagnostics": 1,
        "DependencyAgent": 1,
        "AzureMonitorAgent": 1,
        "GuestHealthAgent": 1,
        "AdminCenter": 0,
        "BackupWindowsWorkloadSQL": 0,
        "DSC": 1,
        "GuestConfig": 1,
        "Scripts": 1,
        "MSI": 1,
        "CertMgmt": 0,
        "DomainJoin": 1,
        "Antimalware": 1,
        "VMSSAzureADEnabled": 1,
        "SqlIaasExtension": 0,
        "AzureDefender": 0
      }
    },
    "DeploymentInfo": {
      "value": {
        "rolesInfo": [
          {
            "Name": "Contributor",
            "Member": "benwilk@Microsoft.com"
          }
        ],
        "SubnetInfo": [
          {
            "name": "snWAF01",
            "prefix": "0/27",
            "NSG": 0
          },
          {
            "name": "snFE01",
            "prefix": "32/27",
            "NSG": 1,
            "Route": false
          },
          {
            "name": "snAD01",
            "prefix": "64/28",
            "NSG": 1,
            "Route": false
          },
          {
            "name": "snBE01",
            "prefix": "80/28",
            "NSG": 1,
            "Route": false
          },
          {
            "name": "AzureBastionSubnet",
            "prefix": "96/27",
            "NSG": 1,
            "Route": false
          },
          {
            "name": "AzureFirewallSubnet",
            "prefix": "128/26",
            "NSG": 0
          },
          {
            "name": "snMT02",
            "prefix": "0/24",
            "NSG": 1,
            "Route": false
          }
        ],
        "saInfo": [
          {
            "name": "diag",
            "skuName": "Standard_LRS",
            "allNetworks" :"Allow"
          }
        ],
        "DNSPrivateZoneInfo": [
          {
            "zone": "Contoso.com",
            "Autoregistration": false
          },
          {
            "zone": "Fabrikam.com",
            "Autoregistration": false
          }
        ],
        "KVInfo": [
          {
            "Name": "Vault01",
            "skuName": "standard",
            "softDelete": true,
            "accessPolicies": [
              {
                "objectId": "528b1170-7a6c-4970-94bb-0eb34e1ae947",
                "Permissions": "All"
              }
            ]
          }
        ],
        "RTInfo": [
          {
            "Name": "Contoso-Hub",
            "Routes": [
              {
                "Name": "Default-Azure-FW",
                "addressPrefix": "0.0.0.0/0",
                "nextHopFW": "vnFW01",
                "nextHopType": "VirtualAppliance"
              }
            ]
          }
        ],
        "ContainerRegistry": [
          {
            "Name": "CTN01",
            "SKU": "Standard",
            "adminUserEnabled": true
          }
        ],
        "SQLMInstances": [
          {
            "name": "MI01",
            "storageSizeInGB": "32",
            "vCores": "16",
            "hardwareFamily": "Gen5",
            "skuName": "BC_Gen5",
            "skuTier": "BusinessCritical",
            "SNName": "BE01"
          }
        ],
        "AKS": [
          {
            "Name": "AKS01",
            "Version": "1.11.5",
            "AgentPools": [
              {
                "name": "NodePool1",
                "count": 2,
                "osDiskSizeGb": 30,
                "osType": "Linux",
                "maxPods": 110,
                "storageProfile": "ManagedDisks",
                "vmSize": "Standard_D1_v2"
              }
            ]
          }
        ],
        "CosmosDB": [
          {
            "dbName": "CDB03",
            "Kind": "MongoDB"
          }
        ],
        "APIMInfo": [
          {
            "name": "01",
            "dnsName": "API",
            "apimSku": "Developer",
            "snName": "BE03"
          }
        ],
        "AppServersVMSS_Oldconfig": [
          {
            "Name": "API",
            "SFName": "contoso",
            "Role": "API",
            "ASName": "API",
            "OSType": "Server2016SS",
            "Subnet": "MT02",
            "LB": "API",
            "NATName": "RDP",
            "Capacity": 3,
            "IsPrimary": false,
            "durabilityLevel": "Bronze",
            "placementProperties": {
              "OSType": "Server2016SS",
              "NodeKind": "API01"
            }
          },
          {
            "Name": "SF",
            "SFName": "contoso",
            "Role": "SF",
            "ASName": "SF",
            "OSType": "Server2016SS",
            "Subnet": "MT02",
            "LB": "SF",
            "NATName": "RDP",
            "Capacity": 3,
            "IsPrimary": true,
            "durabilityLevel": "Bronze",
            "placementProperties": {
              "OSType": "Server2016SS",
              "NodeKind": "SF"
            }
          }
        ],
        "AppServersSF": [
          {
            "SFName": "contoso",
            "LBFEIP": "253",
            "Subnet": "MT02",
            "reliabilityLevel": "Bronze"
          }
        ],
        "Appservers": {
          "ADPrimary": [
            {
              "Name": "DC01",
              "Role": "ADp",
              "ASName": "AD",
              "DDRole": "32GB",
              "OSType": "Server2016Coresmall",
              "ExcludeDomainJoin": 1,
              "Zone": 1,
              "NICs": [
                {
                  "Subnet": "AD01",
                  "Primary": 1,
                  "StaticIP": "75"
                }
              ]
            }
          ],
          "ADSecondary": [
            {
              "Name": "DC01",
              "Role": "ADs",
              "ASName": "AD",
              "DDRole": "32GB",
              "OSType": "Server2016Coresmall",
              "Zone": 2,
              "NICs": [
                {
                  "Subnet": "AD01",
                  "Primary": 1,
                  "StaticIP": "235"
                }
              ]
            }
          ],
          "AppServers": [
            {
              "Name": "JMP01",
              "Role": "JMP",
              "ASName": "JMP",
              "DDRole": "32GB",
              "OSType": "Server2016small",
              "NICs": [
                {
                  "Subnet": "FE01",
                  "Primary": 1,
                  "FastNic": 1,
                  "PublicIP": "Static",
                  "StaticIP": "134"
                }
              ]
            }
          ],
          "VMFile2": [
            {
              "Name": "FIL01",
              "Role": "FIL",
              "ASName": "FIL",
              "DDRole": "FIL64GB",
              "OSType": "Server2019small",
              "Zone": 1,
              "NICs": [
                {
                  "Subnet": "MT02",
                  "Primary": 1,
                  "FastNic": 1,
                  "StaticIP": "253"
                }
              ],
              "AppInfo": {
                "ClusterInfo": {
                  "CLIP": "251",
                  "CLNAME": "CLS01",
                  "Primary": "FIL01",
                  "Secondary": [
                    "FIL02"
                  ]
                },
                "SOFSInfo": [
                  {
                    "Name": "SOFS01",
                    "Volumes": [
                      {
                        "Name": "Volume1",
                        "Size": 16
                      },
                      {
                        "Name": "Volume2",
                        "Size": 16
                      }
                    ]
                  }
                ]
              }
            },
            {
              "Name": "FIL02",
              "Role": "FIL",
              "ASName": "FIL",
              "DDRole": "FIL64GB",
              "OSType": "Server2019small",
              "Zone": 2,
              "NICs": [
                {
                  "Subnet": "MT02",
                  "Primary": 1,
                  "FastNic": 1,
                  "StaticIP": "252"
                }
              ]
            }
          ],
          "VMFile": [
            {
              "Name": "DFS01",
              "Role": "DFS",
              "ASName": "DFS",
              "DDRole": "FIL64GB",
              "OSType": "Server2019small",
              "Zone": 1,
              "NICs": [
                {
                  "Subnet": "MT02",
                  "Primary": 1,
                  "FastNic": 1,
                  "StaticIP": "249",
                  "SLB": "FIL"
                }
              ],
              "AppInfo2": {
                "ClusterInfo": {
                  "CLIP": "247",
                  "CLNAME": "CLS03",
                  "Primary": "DFS01",
                  "Secondary": [
                    "DFS02"
                  ]
                },
                "SOFSInfo": [
                  {
                    "Name": "SOFS02",
                    "Volumes": [
                      {
                        "Name": "Volume1",
                        "Size": 16
                      },
                      {
                        "Name": "Volume2",
                        "Size": 16
                      }
                    ]
                  }
                ]
              }
            },
            {
              "Name": "DFS02",
              "Role": "DFS",
              "ASName": "DFS",
              "DDRole": "FIL64GB",
              "OSType": "Server2019small",
              "Zone": 2,
              "NICs": [
                {
                  "Subnet": "MT02",
                  "Primary": 1,
                  "FastNic": 1,
                  "StaticIP": "248",
                  "SLB": "FIL"
                }
              ]
            }
          ],
          "AppServersFoo": [
            {
              "Name": "JMP02",
              "Role": "JMP",
              "ASName": "JMP",
              "DDRole": "64GB",
              "OSType": "Server2016small",
              "NICs": [
                {
                  "Subnet": "FE01",
                  "Primary": 1,
                  "FastNic": 1,
                  "PublicIP": "Static",
                  "StaticIP": "61"
                }
              ]
            },
            {
              "Name": "JMP03",
              "Role": "JMP",
              "ASName": "JMP",
              "DDRole": "64GB",
              "OSType": "Server2016small",
              "NICs": [
                {
                  "Subnet": "FE01",
                  "Primary": 1,
                  "FastNic": 1,
                  "PublicIP": "Static",
                  "StaticIP": "60"
                }
              ]
            }
          ],
          "AppServersLinux": [
            {
              "Name": "LIN01",
              "Role": "LIN",
              "ASName": "LIN",
              "DDRole": "64GB",
              "OSType": "CentOS75",
              "AdminUser": "localadmin",
              "NICs": [
                {
                  "Subnet": "FE01",
                  "Primary": 1,
                  "FastNic": 1,
                  "StaticIP": "59",
                  "PublicIP": "Static"
                }
              ]
            }
          ],
          "SQLServersAS": [
            "CLS01"
          ],
          "SQLServers": [
            {
              "Name": "SQL01",
              "OSType": "Server2016",
              "ASName": "CLS01",
              "Role": "SQL",
              "DDRole": "SQL64GB",
              "Zone": 1,
              "NICs": [
                {
                  "Subnet": "BE02",
                  "SLB2": "CLS01",
                  "FastNic": 1,
                  "Primary": 1,
                  "StaticIP": "107"
                }
              ],
              "AppInfo": {
                "ClusterInfo": {
                  "CLIP": "109",
                  "CLNAME": "CLS01",
                  "Primary": "SQL01",
                  "Secondary": [
                    "SQL02"
                  ]
                },
                "aoinfo": [
                  {
                    "GroupName": "AG01",
                    "PrimaryAG": "SQL01",
                    "SecondaryAG": "SQL02",
                    "AOIP": "110",
                    "ProbePort": "59999",
                    "InstanceName": "CTO_1"
                  }
                ]
              }
            },
            {
              "Name": "SQL02",
              "OSType": "Server2016",
              "CLNAME": "CLS01",
              "ASName": "CLS01",
              "Role": "SQL",
              "DDRole": "SQL64GB",
              "Zone": 2,
              "NICs": [
                {
                  "Subnet": "BE02",
                  "SLB2": "CLS01",
                  "FastNic": 1,
                  "Primary": 1,
                  "StaticIP": "108"
                }
              ],
              "AppInfo": {
                "ClusterInfo": {
                  "CLIP": "109",
                  "CLNAME": "CLS01",
                  "Primary": "SQL01",
                  "Secondary": [
                    "SQL02"
                  ]
                },
                "aoinfo": [
                  {
                    "GroupName": "AG01",
                    "PrimaryAG": "SQL01",
                    "SecondaryAG": "SQL02",
                    "InstanceName": "CTO_1"
                  }
                ]
              }
            }
          ]
        },
        "WAFInfo": [
          {
            "Name": "API",
            "WAFEnabled": false,
            "WAFMode": "Detection",
            "WAFTier": "Standard_v2",
            "WAFCapacity": 2,
            "PrivateIP": "30",
            "SSLCerts": [
              "MultiDomainwildcard"
            ],
            "commentFQDN": "for FQDNs Justuse NetBios since Domain is AddedfromGlobalParam",
            "BEIPs": [
              "254"
            ],
            "frontEndPorts": [
              {
                "Port": 80
              },
              {
                "Port": 443
              }
            ],
            "BackendHttp": [
              {
                "Port": 8988,
                "Protocol": "http",
                "CookieBasedAffinity": "Disabled",
                "RequestTimeout": 600,
                "Cert": "MultiDomainwildcard",
                "hostname": "contoso.com"
              },
              {
                "Port": 8989,
                "Protocol": "http",
                "CookieBasedAffinity": "Disabled",
                "RequestTimeout": 600,
                "Cert": "MultiDomainwildcard",
                "hostname": "contoso.com"
              },
              {
                "Port": 8990,
                "Protocol": "http",
                "CookieBasedAffinity": "Disabled",
                "RequestTimeout": 600,
                "Cert": "MultiDomainwildcard",
                "hostname": "contoso.com"
              }
            ],
            "Listeners": [
              {
                "Port": 443,
                "BackendPort": "8988",
                "Protocol": "https",
                "Cert": "MultiDomainwildcard",
                "Domain": "contoso.com",
                "Hostname": "yates",
                "Interface": "Public"
              },
              {
                "Port": 443,
                "BackendPort": "8989",
                "Protocol": "https",
                "Cert": "MultiDomainwildcard",
                "Domain": "contoso.com",
                "Hostname": "select",
                "Interface": "Public"
              },
              {
                "Port": 443,
                "BackendPort": "8990",
                "Protocol": "https",
                "Cert": "MultiDomainwildcard",
                "Domain": "contoso.com",
                "Hostname": "sentry",
                "Interface": "Public"
              },
              {
                "Port": 443,
                "BackendPort": "8990",
                "Protocol": "https",
                "Cert": "MultiDomainwildcard",
                "Domain": "contoso.com",
                "Hostname": "",
                "Interface": "Public"
              },
              {
                "Port": 80,
                "Protocol": "http",
                "Domain": "contoso.com",
                "Hostname": "",
                "Interface": "Public"
              },
              {
                "Port": 80,
                "Protocol": "http",
                "Domain": "contoso.com",
                "Hostname": "select",
                "Interface": "Public"
              },
              {
                "Port": 80,
                "Protocol": "http",
                "Domain": "contoso.com",
                "Hostname": "sentry",
                "Interface": "Public"
              },
              {
                "Port": 80,
                "Protocol": "http",
                "Domain": "contoso.com",
                "Hostname": "yates",
                "Interface": "Public"
              }
            ]
          }
        ]
      }
    }
  }
}