{
  "$schema": "https://schema.management.azure.com/schemas/2015-01-01/deploymentParameters.json#",
  "contentVersion": "1.0.0.0",
  "parameters": {
    "Prefix": {
      "value": "AZC1"
    },
    "Environment": {
      "value": "P"
    },
    "DeploymentID": {
      "value": "0"
    },
    "Stage": {
      "value": {
        "RG": 1,
        "RBAC": 1,
        "UAI": 1,
        "SP": 1,
        "KV": 1,
        "OMS": 1,
        "OMSSolutions": 1,
        "OMSDataSources": 1,
        "OMSUpdateWeekly": 0,
        "OMSUpdateMonthly": 0,
        "SA": 1,
        "CDN": 0,
        "StorageSync": 0,
        "RSV": 0,
        "NSG": 1,
        "NetworkWatcher": 1,
        "FlowLogs": 1,
        "VNet": 1,
        "VNetPeering": 0,
        "DNSPrivateZone": 1,
        "LinkPrivateDns": 1,
        "PrivateLink": 1,
        "BastionHost": 1,
        "RT": 1,
        "FW": 0,
        "VNGW": 0,
        "NATGW": 0,
        "ERGW": 0,
        "ADPrimary": 1,
        "ADSecondary": 0,
        "LB": 0,
        "PLB": 0,
        "InitialDOP": 0,
        "VMApp": 0,
        "VMAppLinux": 0,
        "VMSQL": 0,
        "VMFILE": 0,
        "VMSS": 0,
        "WAFPOLICY": 0,
        "FRONTDOOR": 0,
        "WAF": 0,
        "SetExternalDNS": 0,
        "SetInternalDNS": 0,
        "APPCONFIG": 0,
        "REDIS": 0,
        "APIM": 0,
        "ACR": 0,
        "ACI": 0,
        "AKS": 0,
        "SQLMI": 0,
        "CosmosDB": 0,
        "DASHBOARD": 0,
        "ServerFarm": 0,
        "WebSite": 0,
        "WebSiteContainer": 0,
        "ManagedEnv": 0,
        "ContainerApp": 0,
        "MySQLDB": 0
      }
    },
    "Extensions": {
      "value": {
        "MonitoringAgent": 1,
        "IaaSDiagnostics": 1,
        "DependencyAgent": 1,
        "AzureMonitorAgent": 1,
        "GuestHealthAgent": 1,
        "AdminCenter": 0,
        "BackupWindowsWorkloadSQL": 0,
        "DSC": 1,
        "GuestConfig": 1,
        "Scripts": 1,
        "MSI": 1,
        "CertMgmt": 0,
        "DomainJoin": 1,
        "Antimalware": 1,
        "VMSSAzureADEnabled": 1,
        "SqlIaasExtension": 0,
        "AzureDefender": 0
      }
    },
    "DeploymentInfo": {
      "value": {
        "uaiInfo": [
          {
            "name": "StorageAccountFileContributor",
            "RBAC": [
              {
                "Name": "Storage File Data SMB Share Contributor"
              }
            ]
          },
          {
            "name": "StorageAccountOperator",
            "RBAC": [
              {
                "Name": "Storage Account Key Operator Service Role"
              }
            ]
          },
          {
            "name": "StorageAccountContributor",
            "RBAC": [
              {
                "Name": "Storage Blob Data Contributor"
              },
              {
                "Name": "Storage Queue Data Contributor"
              }
            ]
          },
          {
            "name": "AzureServiceBusDataOwner",
            "RBAC": [
              {
                "Name": "Azure Service Bus Data Owner"
              },
              {
                "Name": "Azure Service Bus Data Sender"
              },
              {
                "Name": "Azure Service Bus Data Receiver"
              }
            ]
          },
          {
            "name": "VMOperator",
            "RBAC": [
              {
                "Name": "Virtual Machine Contributor",
                "RG": "P0"
              }
            ]
          }
        ],
        "rolesInfo": [
          {
            "Name": "Contributor",
            "Member": "benwilk@Microsoft.com"
          },
          {
            "Name": "Key Vault Administrator",
            "Member": "benwilk@Microsoft.com"
          }
        ],
        "SubnetInfo": [
          {
            "name": "snWAF01",
            "prefix": "0/27",
            "NSG": 1
          },
          {
            "name": "snFE01",
            "prefix": "32/27",
            "NSG": 1,
            "Route": false
          },
          {
            "name": "snAD01",
            "prefix": "64/28",
            "NSG": 1,
            "Route": false
          },
          {
            "name": "snBE01",
            "prefix": "80/28",
            "NSG": 1,
            "Route": false
          },
          {
            "name": "AzureBastionSubnet",
            "prefix": "96/27",
            "NSG": 1,
            "Route": false
          },
          {
            "name": "AzureFirewallSubnet",
            "prefix": "128/26",
            "NSG": 0
          },
          {
            "name": "GatewaySubnet",
            "prefix": "192/27",
            "NSG": 0
          },
          {
            "name": "snMT02",
            "prefix": "0/24",
            "NSG": 1,
            "Route": false
          }
        ],
        "networkWatcherInfo": {
          "name": "networkwatcher"
        },
        "DNSPrivateZoneInfo": [
          {
            "linkDNS": 1,
            "zone": "privatelink.vaultcore.azure.net",
            "Autoregistration": false
          },
          {
            "linkDNS": 1,
            "zone": "privatelink.azurewebsites.net",
            "Autoregistration": false
          },
          {
            "linkDNS": 1,
            "zone": "privatelink.blob.core.windows.net",
            "Autoregistration": false
          },
          {
            "linkDNS": 1,
            "zone": "privatelink.queue.core.windows.net",
            "Autoregistration": false
          },
          {
            "linkDNS": 1,
            "zone": "privatelink.afs.azure.net",
            "Autoregistration": false
          },
          {
            "linkDNS": 1,
            "zone": "Contoso.com",
            "Autoregistration": false
          },
          {
            "linkDNS": 1,
            "zone": "Fabrikam.com",
            "Autoregistration": false
          },
          {
            "linkDNS": 1,
            "zone": "PSObject.com",
            "Autoregistration": false
          }
        ],
        "saInfo": [
          {
            "name": "diag",
            "skuName": "Standard_LRS",
            "allNetworks": 1
          }
        ],
        "KVInfo": [
          {
            "Name": "Vault01",
            "skuName": "standard",
            "softDelete": true,
            "PurgeProtection": true,
            "RbacAuthorization": true,
            "allNetworks": 1,
            "PrivateLinkInfo": [
              {
                "Subnet": "snMT02",
                "groupID": "vault"
              }
            ]
          }
        ],
        "VNGWInfo": [
          {
            "Name": "VNGW01",
            "skuname": "VpnGw2",
            "skutier": "VpnGw2",
            "gatewayType": "VPN",
            "vpnType": "RouteBased",
            "vpnGen": "Generation2",
            "localNetworkGateway": {
              "name": "PSO",
              "gatewayIpAddress": "52.154.217.25",
              "addressPrefixes": [
                "10.0.128.0/20"
              ],
              "bgpEnabled": 1,
              "bgpSettings": {
                "asn": 65514,
                "bgpPeeringAddress": "10.0.144.222",
                "peerWeight": 0
              }
            },
            "ConnectionOptions": {
              "EnableConnection": 1,
              "sharedKey": "ApplesForBreakfast" // you likely want a param for this from KV
            }
          }
        ],
        "RTInfo": [
          {
            "Name": "Contoso-Hub",
            "Routes": [
              {
                "Name": "Default-Azure-FW",
                "addressPrefix": "0.0.0.0/0",
                "nextHopIpAddress": "172.16.142.132",
                "nextHopType": "VirtualAppliance"
              }
            ]
          }
        ],
        "PolicyInfo": [
          {
            "Name": "Audit-allowed-locations",
            "Description": "Audit allowed locations",
            "parameters": {
              "allowedLocations": {
                "type": "Array",
                "metadata": {
                  "description": "The list of allowed locations for resources.",
                  "displayName": "Allowed locations",
                  "strongType": "location"
                }
              }
            },
            "policyRule": {
              "if": {
                "not": {
                  "field": "location",
                  "in": "[parameters('allowedLocations')]"
                }
              },
              "then": {
                "effect": "audit"
              }
            }
          },
          {
            "name": "Audit-allowed-role-definitions2",
            "description": "Audit role definitions that can be used in IAM",
            "parameters": {
              "roleDefinitionId": {
                "type": "string",
                "metadata": {
                  "description": "The list of role definition Ids",
                  "displayName": "Approved Role Definitions"
                }
              }
            },
            "policyRule": {
              "if": {
                "anyOf": [
                  {
                    "allof": [
                      {
                        "field": "type",
                        "equals": "Microsoft.Authorization/roleAssignments"
                      }
                    ]
                  },
                  {
                    "anyOf": [
                      {
                        "not": {
                          "field": "Microsoft.Authorization/roleAssignments/roleDefinitionId",
                          "match": "./058aae05-414d-5198-812b-6f4401cd86bb"
                        }
                      },
                      {
                        "not": {
                          "field": "Microsoft.Authorization/roleAssignments/roleDefinitionId",
                          "match": "[parameter('roleDefinitionId')]"
                        }
                      }
                    ]
                  }
                ]
              },
              "then": {
                "effect": "audit"
              }
            }
          }
        ],
        "ERGWInfo": [
          {
            "Name": "ERGW",
            "skuname": "ErGw2AZ",
            "skutier": "ErGw2AZ",
            "skucapacity": 2,
            "gatewayType": "ExpressRoute",
            "vpnType": "PolicyBased",
            "ERConnectionOptions": {
              "EREnableConnection": false,
              "peerid": "/subscriptions/e17fe3b9-caf3-4e15-9437-30089ea78f1e/resourceGroups/PROD_Azure_EUS_Network_RG/providers/Microsoft.Network/expressRouteCircuits/PROD_Azure_ER_EUS",
              "authorizationKeyold": "[parameters('ERAuthKey')]",
              "authorizationKey": "abc",
              "connectionType": "ExpressRoute"
            }
          }
        ],
        "FWInfo": [
          {
            "Name": "FW01",
            "threatIntelMode": "Alert"
          }
        ],
        "natRulesInfo": [
          {
            "Name": "JMP01",
            "priority": "20000",
            "actionType": "DNAT",
            "rule": {
              "name": "JMP01-RDP-Allow",
              "sourceAddresses": [
                "73.157.100.227"
              ],
              "destinationPorts": [
                "3389"
              ],
              "protocols": [
                "Any"
              ],
              "translatedAddress": "172.16.137.62"
            }
          }
        ],
        "Appservers": {
          "ADPrimary": [
            {
              "Name": "DC01",
              "Role": "ADp",
              "ASName": "AD",
              "DDRole": "32GB",
              "OSType": "Server2016Coresmall",
              "ExcludeDomainJoin": 1,
              "Zone": 1,
              "NICs": [
                {
                  "Subnet": "AD01",
                  "Primary": 1,
                  "StaticIP": "75"
                }
              ]
            }
          ],
          "ADSecondary": [
            {
              "Name": "DC02",
              "Role": "ADs",
              "ASName": "AD",
              "DDRole": "32GB",
              "OSType": "Server2016Coresmall",
              "Zone": 2,
              "NICs": [
                {
                  "Subnet": "AD01",
                  "Primary": 1,
                  "StaticIP": "76"
                }
              ]
            }
          ],
          "InitialDOP": [
            {
              "Name": "JMP01",
              "Role": "JMP",
              "ASName": "JMP",
              "DDRole": "64GB",
              "OSType": "Server2016small",
              "Zone": 1,
              "NICs": [
                {
                  "Subnet": "FE01",
                  "Primary": 1,
                  "FastNic": 1,
                  "PublicIP": "Static",
                  "StaticIP": "62"
                }
              ]
            }
          ],
          "VMFile2": [
            {
              "Name": "FIL01",
              "Role": "FIL",
              "ASName": "FIL",
              "DDRole": "FIL64GB",
              "OSType": "Server2019small",
              "Zone": 1,
              "NICs": [
                {
                  "Subnet": "MT02",
                  "Primary": 1,
                  "FastNic": 1,
                  "StaticIP": "253"
                }
              ],
              "AppInfo": {
                "ClusterInfo": {
                  "CLIP": "251",
                  "CLNAME": "CLS01",
                  "Primary": "FIL01",
                  "Secondary": [
                    "FIL02"
                  ]
                },
                "SOFSInfo": [
                  {
                    "Name": "SOFS01",
                    "Volumes": [
                      {
                        "Name": "Volume1",
                        "Size": 16
                      },
                      {
                        "Name": "Volume2",
                        "Size": 16
                      }
                    ]
                  }
                ]
              }
            },
            {
              "Name": "FIL02",
              "Role": "FIL",
              "ASName": "FIL",
              "DDRole": "FIL64GB",
              "OSType": "Server2019small",
              "Zone": 2,
              "NICs": [
                {
                  "Subnet": "MT02",
                  "Primary": 1,
                  "FastNic": 1,
                  "StaticIP": "252"
                }
              ]
            }
          ],
          "VMFile": [
            {
              "Name": "DFS01",
              "Role": "DFS",
              "ASName": "DFS",
              "DDRole": "FIL64GB",
              "OSType": "Server2019small",
              "Zone": 1,
              "NICs": [
                {
                  "Subnet": "MT02",
                  "Primary": 1,
                  "FastNic": 1,
                  "StaticIP": "249",
                  "SLB": "FIL"
                }
              ],
              "AppInfo2": {
                "ClusterInfo": {
                  "CLIP": "247",
                  "CLNAME": "CLS03",
                  "Primary": "DFS01",
                  "Secondary": [
                    "DFS02"
                  ]
                },
                "SOFSInfo": [
                  {
                    "Name": "SOFS02",
                    "Volumes": [
                      {
                        "Name": "Volume1",
                        "Size": 16
                      },
                      {
                        "Name": "Volume2",
                        "Size": 16
                      }
                    ]
                  }
                ]
              }
            },
            {
              "Name": "DFS02",
              "Role": "DFS",
              "ASName": "DFS",
              "DDRole": "FIL64GB",
              "OSType": "Server2019small",
              "Zone": 2,
              "NICs": [
                {
                  "Subnet": "MT02",
                  "Primary": 1,
                  "FastNic": 1,
                  "StaticIP": "248",
                  "SLB": "FIL"
                }
              ]
            }
          ],
          "AppServersFoo": [
            {
              "Name": "JMP02",
              "Role": "JMP",
              "ASName": "JMP",
              "DDRole": "64GB",
              "OSType": "Server2016small",
              "NICs": [
                {
                  "Subnet": "FE01",
                  "Primary": 1,
                  "FastNic": 1,
                  "PublicIP": "Static",
                  "StaticIP": "61"
                }
              ]
            },
            {
              "Name": "JMP03",
              "Role": "JMP",
              "ASName": "JMP",
              "DDRole": "64GB",
              "OSType": "Server2016small",
              "NICs": [
                {
                  "Subnet": "FE01",
                  "Primary": 1,
                  "FastNic": 1,
                  "PublicIP": "Static",
                  "StaticIP": "60"
                }
              ]
            }
          ],
          "SQLServers": [
            {
              "Name": "SQL01",
              "OSType": "Server2016",
              "ASName": "CLS01",
              "Role": "SQL",
              "DDRole": "SQL64GB",
              "Zone": 1,
              "NICs": [
                {
                  "Subnet": "BE01",
                  "SLB2": "CLS01",
                  "FastNic": 1,
                  "Primary": 1,
                  "StaticIP": "91"
                }
              ],
              "AppInfo": {
                "ClusterInfo": {
                  "CLIP": "90",
                  "CLNAME": "CLS01",
                  "Primary": "SQL01",
                  "Secondary": [
                    "SQL02"
                  ]
                },
                "aoinfo": [
                  {
                    "GroupName": "AG01",
                    "PrimaryAG": "SQL01",
                    "SecondaryAG": "SQL02",
                    "AOIP": "110",
                    "ProbePort": "59999",
                    "InstanceName": "CTO_1"
                  }
                ]
              }
            },
            {
              "Name": "SQL02",
              "OSType": "Server2016",
              "CLNAME": "CLS01",
              "ASName": "CLS01",
              "Role": "SQL",
              "DDRole": "SQL64GB",
              "Zone": 2,
              "NICs": [
                {
                  "Subnet": "BE01",
                  "SLB2": "CLS01",
                  "FastNic": 1,
                  "Primary": 1,
                  "StaticIP": "92"
                }
              ],
              "AppInfo": {
                "ClusterInfo": {
                  "CLIP": "109",
                  "CLNAME": "CLS01",
                  "Primary": "SQL01",
                  "Secondary": [
                    "SQL02"
                  ]
                },
                "aoinfo": [
                  {
                    "GroupName": "AG01",
                    "PrimaryAG": "SQL01",
                    "SecondaryAG": "SQL02",
                    "InstanceName": "CTO_1"
                  }
                ]
              }
            }
          ]
        },
        "WAFInfo": [
          {
            "Name": "API",
            "WAFEnabled": false,
            "WAFMode": "Detection",
            "WAFTier": "Standard_v2",
            "WAFCapacity": 2,
            "PrivateIP": "30",
            "SSLCerts": [
              "MultiDomainwildcard"
            ],
            "commentFQDN": "for FQDNs Justuse NetBios since Domain is AddedfromGlobalParam",
            "BEIPs": [
              "254"
            ],
            "frontEndPorts": [
              {
                "Port": 80
              },
              {
                "Port": 443
              }
            ],
            "BackendHttp": [
              {
                "Port": 8988,
                "Protocol": "http",
                "CookieBasedAffinity": "Disabled",
                "RequestTimeout": 600,
                "Cert": "MultiDomainwildcard",
                "hostname": "contoso.com"
              },
              {
                "Port": 8989,
                "Protocol": "http",
                "CookieBasedAffinity": "Disabled",
                "RequestTimeout": 600,
                "Cert": "MultiDomainwildcard",
                "hostname": "contoso.com"
              },
              {
                "Port": 8990,
                "Protocol": "http",
                "CookieBasedAffinity": "Disabled",
                "RequestTimeout": 600,
                "Cert": "MultiDomainwildcard",
                "hostname": "contoso.com"
              }
            ],
            "Listeners": [
              {
                "Port": 443,
                "BackendPort": "8988",
                "Protocol": "https",
                "Cert": "MultiDomainwildcard",
                "Domain": "contoso.com",
                "Hostname": "yates",
                "Interface": "Public"
              },
              {
                "Port": 443,
                "BackendPort": "8989",
                "Protocol": "https",
                "Cert": "MultiDomainwildcard",
                "Domain": "contoso.com",
                "Hostname": "select",
                "Interface": "Public"
              },
              {
                "Port": 443,
                "BackendPort": "8990",
                "Protocol": "https",
                "Cert": "MultiDomainwildcard",
                "Domain": "contoso.com",
                "Hostname": "sentry",
                "Interface": "Public"
              },
              {
                "Port": 443,
                "BackendPort": "8990",
                "Protocol": "https",
                "Cert": "MultiDomainwildcard",
                "Domain": "contoso.com",
                "Hostname": "",
                "Interface": "Public"
              },
              {
                "Port": 80,
                "Protocol": "http",
                "Domain": "contoso.com",
                "Hostname": "",
                "Interface": "Public"
              },
              {
                "Port": 80,
                "Protocol": "http",
                "Domain": "contoso.com",
                "Hostname": "select",
                "Interface": "Public"
              },
              {
                "Port": 80,
                "Protocol": "http",
                "Domain": "contoso.com",
                "Hostname": "sentry",
                "Interface": "Public"
              },
              {
                "Port": 80,
                "Protocol": "http",
                "Domain": "contoso.com",
                "Hostname": "yates",
                "Interface": "Public"
              }
            ]
          }
        ]
      }
    }
  }
}