{
  "$schema": "https://schema.management.azure.com/schemas/2015-01-01/deploymentParameters.json#",
  "contentVersion": "1.0.0.0",
  "parameters": {
    "Prefix": {
      "value": "AZC1"
    },
    "Environment": {
      "value": "A"
    },
    "DeploymentID": {
      "value": "5"
    },
    "Stage": {
      "value": {
        "RG": 1,
        "RBAC": 1,
        "KV": 0,
        "OMS": 1,
        "OMSSolutions": 1,
        "OMSDataSources": 1,
        "OMSUpdateWeekly": 0,
        "OMSUpdateMonthly": 0,
        "SA": 1,
        "CDN": 0,
        "StorageSync": 0,
        "RSV": 0,
        "NSG": 0,
        "NetworkWatcher": 0,
        "FlowLogs": 0,
        "VNet": 1,
        "VNetPeering": 1,
        "RT": 1,
        "FW": 0,
        "LinkPrivateDns": 0,
        "DNSPublicZone": 0,
        "DNSPrivateZone": 0,
        "PrivateLink": 0,
        "LB": 0,
        "PLB": 0,
        "ADPrimary": 0,
        "ADSecondary": 0,
        "InitialDOP": 0,
        "VMApp": 0,
        "VMAppLinux": 0,
        "VMSQL": 0,
        "VMFILE": 0,
        "VMSS": 0,
        "WAFPOLICY": 0,
        "FRONTDOOR": 0,
        "WAF": 0,
        "SetExternalDNS": 0,
        "SetInternalDNS": 0,
        "APPCONFIG": 0,
        "REDIS": 0,
        "APIM": 0,
        "ACR": 0,
        "ACI": 0,
        "AKS": 0,
        "SQLMI": 0,
        "CosmosDB": 0,
        "DASHBOARD": 0,

        "ServerFarm": 0,
        "WebSite": 0,
        "WebSiteContainer": 0,
        "ManagedEnv": 0,
        "ContainerApp": 0,
        "MySQLDB": 0,
        "Function":0
      }
    },
    "Extensions": {
      "value": {
        "MonitoringAgent": 1,
        "IaaSDiagnostics": 1,
        "DependencyAgent": 1,
        "AzureMonitorAgent": 1,
        "GuestHealthAgent": 1,
        "AdminCenter": 0,
        "BackupWindowsWorkloadSQL": 0,
        "DSC": 1,
        "GuestConfig": 1,
        "Scripts": 1,
        "MSI": 0,
        "CertMgmt": 0,
        "DomainJoin": 1,
        "Antimalware": 1,
        "VMSSAzureADEnabled": 1,
        "SqlIaasExtension": 0,
        "AzureDefender": 0
      }
    },
    "DeploymentInfo": {
      "value": {
        "rolesInfo": [
          {
            "Name": "Contributor",
            "Member": "benwilk@Microsoft.com"
          }
        ],
        "SubnetInfo": [
          {
            "name": "snS1-ASP01",
            "prefix": "0/27",
            "NSG": 0,
            "Route": true,
            "delegations" : "Microsoft.Web/serverfarms"
          },
          {
            "name": "snS3-ASP01",
            "prefix": "32/27",
            "NSG": 0,
            "Route": true,
            "delegations" : "Microsoft.Web/serverfarms"
          }
        ],
        "RTInfo": [
          {
            "Name": "Contoso-Hub",
            "Routes": [
              {
                "Name": "Default-Azure-FW",
                "addressPrefix": "0.0.0.0/0",
                "nextHopFW": "vnFW01",
                "nextHopType": "VirtualAppliance"
              }
            ]
          }
        ],
        "saInfo": [
          {
            "name": "diag",
            "skuName": "Standard_LRS",
            "allNetworks": 1
          }
        ]
      }
    }
  }
}