{
  "$schema": "https://schema.management.azure.com/schemas/2015-01-01/deploymentParameters.json#",
  "contentVersion": "1.0.0.0",
  "parameters": {
    "Prefix": {
      "value": "AZE2"
    },
    "Environment": {
      "value": "S"
    },
    "DeploymentID": {
      "value": "2"
    },
    "vmAdminPassword": {
      "reference": {
        "keyVault": {
          "id": "/subscriptions/b8f402aa-20f7-4888-b45c-3cf086dad9c3/resourceGroups/AZE2-BRW-ADF-RG-P0/providers/Microsoft.KeyVault/vaults/AZE2-BRW-ADF-P0-kvVault01"
        },
        "secretName": "localadmin"
      }
    },
    "sshPublic": {
      "reference": {
        "keyVault": {
          "id": "/subscriptions/b8f402aa-20f7-4888-b45c-3cf086dad9c3/resourceGroups/AZE2-BRW-ADF-RG-P0/providers/Microsoft.KeyVault/vaults/AZE2-BRW-ADF-P0-kvVault01"
        },
        "secretName": "sshPublic"
      }
    },
    "devOpsPat": {
      "reference": {
        "keyVault": {
          "id": "/subscriptions/b8f402aa-20f7-4888-b45c-3cf086dad9c3/resourceGroups/AZE2-BRW-ADF-RG-P0/providers/Microsoft.KeyVault/vaults/AZE2-BRW-ADF-P0-kvVault01"
        },
        "secretName": "devOpsPat"
      }
    },
    "Stage": {
      "value": {
        "RG" : 1,
        "RBAC": 1,
        "KV": 0,
        "OMS": 1,
        "OMSSolutions": 1,
        "OMSDataSources": 1,
        "OMSUpdateWeekly": 0,
        "OMSUpdateMonthly": 0,
        "SA": 1,
        "CDN": 0,
        "StorageSync": 0,
        "RSV" : 0,
        "NSG": 1,
        "NetworkWatcher" : 0,
        "FlowLogs" : 1,
        "VNet": 1,
        "VNetPeering": 1,
        "RT": 1,
        "FW": 0,
        "LinkPrivateDns": 0,
        "DNSPublicZone": 0,
        "DNSPrivateZone": 0,
        "PrivateLink": 0,
        "ADPrimary": 0,
        "ADSecondary": 0,
        "LB": 1,
        "PLB": 0,
        "InitialDOP": 0,
        "VMApp": 0,
        "VMAppLinux": 0,
        "VMSQL": 0,
        "VMFILE": 0,
        "VMSS": 0,
        "WAFPOLICY": 0,
        "FRONTDOOR": 0,
        "WAF": 0,
        "SetExternalDNS": 0,
        "SetInternalDNS": 0,
        "APPCONFIG": 0,
        "REDIS": 0,
        "APIM": 0,
        "ACR": 0,
        "ACI": 0,
        "AKS": 0,
        "SQLMI": 0,
        "CosmosDB": 0,
        "DASHBOARD": 0,
      }
    },
    "Extensions": {
      "value": {
        "MonitoringAgent": 1,
        "IaaSDiagnostics": 1,
        "DependencyAgent": 1,
        "AzureMonitorAgent": 1,
        "GuestHealthAgent": 1,
        "AdminCenter": 0,
        "BackupWindowsWorkloadSQL": 0,
        "DSC": 1,
        "GuestConfig": 1,
        "Scripts": 1,
        "MSI": 0,
        "CertMgmt": 0,
        "DomainJoin": 1,
        "Antimalware": 1,
        "VMSSAzureADEnabled": 1,
        "SqlIaasExtension": 0,
        "AzureDefender": 0
      }
    },
    "DeploymentInfo": {
      "value": {
        "rolesInfo": [
          {
            "Name": "Contributor",
            "Member": "benwilk@Microsoft.com"
          }
        ],
        "SubnetInfo": [
          {
            "name": "snWAF01",
            "prefix": "0/27",
            "NSG": 1
          },
          {
            "name": "snFE01",
            "prefix": "32/27",
            "NSG": 1,
            "Route": false
          },
          {
            "name": "snAD01",
            "prefix": "64/28",
            "NSG": 1,
            "Route": false
          },
          {
            "name": "snBE01",
            "prefix": "80/28",
            "NSG": 1,
            "Route": false
          },
          {
            "name": "AzureBastionSubnet",
            "prefix": "96/27",
            "NSG": 1,
            "Route": false
          },
          {
            "name": "AzureFirewallSubnet",
            "prefix": "128/26",
            "NSG": 0
          },
          {
            "name": "snMT02",
            "prefix": "0/24",
            "NSG": 1,
            "Route": false
          }
        ],
        "saInfo": [
          {
            "name": "diag",
            "skuName": "Standard_LRS",
            "allNetworks" :"Allow"
          },
          {
            "name": "witness",
            "skuName": "Standard_ZRS",
            "allNetworks" :"Allow"
          }
        ],
        "RTInfo": [
          {
            "Name": "Contoso-Hub",
            "Routes": [
              {
                "Name": "Default-Azure-FW",
                "addressPrefix": "0.0.0.0/0",
                "nextHopFW": "vnFW01",
                "nextHopType": "VirtualAppliance"
              }
            ]
          }
        ],
       
        "LBInfo2": [
          {
            "Name": "API",
            "ASName": "API",
            "Sku": "Basic",
            "Type": "Private",
            "BackEnd": ["API"],
            "FrontEnd": [
              {
                "SNName": "MT02",
                "LBFEName": "API",
                "LBFEIP": "254"
              }
            ],
            "NATPools": [
              {
                "Name": "RDP",
                "frontendPortRangeStart": 3389,
                "frontendPortRangeEnd": 4500,
                "enableFloatingIP": false,
                "backendPort": 3389,
                "idleTimeoutInMinutes": 4,
                "protocol": "Tcp",
                "LBFEName": "API"
              }
            ],
            "Probes": [
              {
                "ProbeName": "19000",
                "LBBEProbePort": 19000
              },
              {
                "ProbeName": "19080",
                "LBBEProbePort": 19080
              },
              {
                "ProbeName": "19081",
                "LBBEProbePort": 19081
              },
              {
                "ProbeName": "8988",
                "LBBEProbePort": 8988
              },
              {
                "ProbeName": "8989",
                "LBBEProbePort": 8989
              },
              {
                "ProbeName": "8990",
                "LBBEProbePort": 8990
              }
            ],
            "Services": [
              {
                "LBFEName": "API",
                "LBBEName": "API",
                "RuleName": "API-19000",
                "LBFEPort": 19000,
                "LBBEPort": 19000,
                "ProbeName": 19000,
                "DirectReturn": false
              },
              {
                "LBFEName": "API",
                "LBBEName": "API",
                "RuleName": "API-19080",
                "LBFEPort": 19080,
                "LBBEPort": 19080,
                "ProbeName": 19080,
                "DirectReturn": false
              },
              {
                "LBFEName": "API",
                "LBBEName": "API",
                "RuleName": "API-19081",
                "LBFEPort": 19081,
                "LBBEPort": 19081,
                "ProbeName": 19081,
                "DirectReturn": false
              },
              {
                "LBFEName": "API",
                "LBBEName": "API",
                "RuleName": "API-8988",
                "LBFEPort": 8988,
                "LBBEPort": 8988,
                "ProbeName": 8988,
                "DirectReturn": false
              },
              {
                "LBFEName": "API",
                "LBBEName": "API",
                "RuleName": "API-8989",
                "LBFEPort": 8989,
                "LBBEPort": 8989,
                "ProbeName": 8989,
                "DirectReturn": false
              },
              {
                "LBFEName": "API",
                "LBBEName": "API",
                "RuleName": "API-8990",
                "LBFEPort": 8990,
                "LBBEPort": 8990,
                "ProbeName": 8990,
                "DirectReturn": false
              }
            ]
          },
          {
            "Name": "SF",
            "ASName": "SF",
            "Sku": "Basic",
            "Type": "Private",
            "BackEnd": ["SF"],
            "FrontEnd": [
              {
                "SNName": "MT02",
                "LBFEName": "SF",
                "LBFEIP": "253"
              }
            ],
            "NATPools": [
              {
                "Name": "RDP",
                "frontendPortRangeStart": 3389,
                "frontendPortRangeEnd": 4500,
                "enableFloatingIP": false,
                "backendPort": 3389,
                "idleTimeoutInMinutes": 4,
                "protocol": "Tcp",
                "LBFEName": "SF"
              }
            ],
            "Probes": [
              {
                "ProbeName": "19000",
                "LBBEProbePort": 19000
              },
              {
                "ProbeName": "19080",
                "LBBEProbePort": 19080
              },
              {
                "ProbeName": "19081",
                "LBBEProbePort": 19081
              },
              {
                "ProbeName": "8988",
                "LBBEProbePort": 8988
              },
              {
                "ProbeName": "8989",
                "LBBEProbePort": 8989
              },
              {
                "ProbeName": "8990",
                "LBBEProbePort": 8990
              }
            ],
            "Services": [
              {
                "LBFEName": "SF",
                "LBBEName": "SF",
                "RuleName": "SF-19000",
                "LBFEPort": 19000,
                "LBBEPort": 19000,
                "ProbeName": 19000,
                "DirectReturn": false
              },
              {
                "LBFEName": "SF",
                "LBBEName": "SF",
                "RuleName": "SF-19080",
                "LBFEPort": 19080,
                "LBBEPort": 19080,
                "ProbeName": 19080,
                "DirectReturn": false
              },
              {
                "LBFEName": "SF",
                "LBBEName": "SF",
                "RuleName": "SF-19081",
                "LBFEPort": 19081,
                "LBBEPort": 19081,
                "ProbeName": 19081,
                "DirectReturn": false
              },
              {
                "LBFEName": "SF",
                "LBBEName": "SF",
                "RuleName": "SF-8988",
                "LBFEPort": 8988,
                "LBBEPort": 8988,
                "ProbeName": 8988,
                "DirectReturn": false
              },
              {
                "LBFEName": "SF",
                "LBBEName": "SF",
                "RuleName": "SF-8989",
                "LBFEPort": 8989,
                "LBBEPort": 8989,
                "ProbeName": 8989,
                "DirectReturn": false
              },
              {
                "LBFEName": "SF",
                "LBBEName": "SF",
                "RuleName": "SF-8990",
                "LBFEPort": 8990,
                "LBBEPort": 8990,
                "ProbeName": 8990,
                "DirectReturn": false
              }
            ]
          }
        ],
        "LBInfo": [
          {
            "Name": "PLB01",
            "Zone": 1,
            "ASName": "PLB01",
            "Sku": "Standard",
            "Type": "Public",
            "BackEnd": ["PLB01"],
            "FrontEnd": [
              {
                "Type": "Public",
                "LBFEName": "PLB01",
                "PublicIP": "Static"
              }
            ],
            "outboundRules": [
              {
                "LBFEName": "PLB01",
                "allocatedOutboundPorts": 1024,
                "idleTimeoutInMinutes": 4,
                "enableTcpReset": true,
                "protocol": "All"
              }
            ]
          },
          {
            "Name": "FIL",
            "ASName": "FIL",
            "Sku": "Standard",
            "Type": "Private",
            "BackEnd": ["FIL"],
            "FrontEnd": [
              {
                "SNName": "MT02",
                "LBFEName": "FIL",
                "LBFEIP": "254"
              }
            ],
            "Probes": [
              {
                "ProbeName": "FIL-MQ",
                "LBBEProbePort": 5672
              },
              {
                "ProbeName": "FIL-MQ-ADMIN",
                "LBBEProbePort": 15672
              }
            ],
            "Services": [
              {
                "LBFEName": "FIL",
                "LBBEName": "FIL",
                "RuleName": "FIL-MQ",
                "LBFEPort": 5672,
                "LBBEPort": 5672,
                "ProbeName": "FIL-MQ",
                "DirectReturn": false
              },
              {
                "LBFEName": "FIL",
                "LBBEName": "FIL",
                "RuleName": "FIL-MQ-ADMIN",
                "LBFEPort": 15672,
                "LBBEPort": 15672,
                "ProbeName": "FIL-MQ-ADMIN",
                "DirectReturn": false
              }
            ]
          },
          {
            "Name": "CLS01",
            "ASName": "CLS01",
            "Sku": "Basic",
            "Type": "Private",
            "BackEnd": ["CLS01"],
            "FrontEnd": [
              {
                "SNName": "BE02",
                "Type": "Private",
                "LBFEName": "AG01",
                "LBFEIP": "110"
              }
            ],
            "Probes": [
              {
                "ProbeName": "AO-59999",
                "LBBEProbePort": 59999
              }
            ],
            "Services": [
              {
                "RuleName": "AG01",
                "LBFEName": "AG01",
                "LBFEPort": 1433,
                "LBBEPort": 1433,
                "ProbeName": "AO-59999",
                "DirectReturn": true
              }
            ]
          }
        ],        
        "Appservers": {
          "VMFile": [
            {
              "Name": "DFS01",
              "Role": "DFS",
              "ASName": "DFS",
              "DDRole": "FIL64GB",
              "OSType": "Server2019small",
              "Zone": 1,
              "NICs": [
                {
                  "Subnet": "MT02",
                  "Primary": 1,
                  "FastNic": 1,
                  "StaticIP": "249",
                  "SLB": "FIL"
                }
              ],
              "AppInfo2": {
                "ClusterInfo": {
                  "CLIP": "247",
                  "CLNAME": "CLS03",
                  "Primary": "DFS01",
                  "Secondary": [
                    "DFS02"
                  ]
                },
                "SOFSInfo": [
                  {
                    "Name": "SOFS02",
                    "Volumes": [
                      {
                        "Name": "Volume1",
                        "Size": 16
                      },
                      {
                        "Name": "Volume2",
                        "Size": 16
                      }
                    ]
                  }
                ]
              }
            },
            {
              "Name": "DFS02",
              "Role": "DFS",
              "ASName": "DFS",
              "DDRole": "FIL64GB",
              "OSType": "Server2019small",
              "Zone": 2,
              "NICs": [
                {
                  "Subnet": "MT02",
                  "Primary": 1,
                  "FastNic": 1,
                  "StaticIP": "248",
                  "SLB": "FIL"
                }
              ]
            }
          ]
        }
      }
    }
  }
}