{
  "Global": {
    "_hubSubscriptionID": "b8f402aa-20f7-4888-b45c-3cf086dad9c3",
    "OrgName": "BRW",
    "AppName": "ADF",
    "GlobalSA": {
      "name": "global"
    },
    "GlobalRG": {
      "RG": "G1"
    },
    "PrimaryLocation": "CentralUS",
    "SecondaryLocation": "EastUS2",
    "_IPAddressforRemoteAccess": [ // moved these to keyvault, remove "_" to use here
      "73.157.100.227/32",
      "157.100.170.101/32"
    ],
    "vmAdminUserName": "brw",
    "DomainName": "psobject.com",
    "DomainNameExt": "psobject.com",
    "CertThumbprint": "48B8F2B8C7DE8115804B74D8CBB4488C53492E5F",
    "CertURLs": [
      "*.contoso.com",
      "*.psobject.com",
      "*.psthing.com"
    ],
    "GHProject": "ADF",
    "ADOProject": "eshopondapr3",
    "ServicePrincipalAdmins": [
      "benwilk@microsoft.com"
    ],
    "apimPublisherEmail": "alerts@contoso.com",
    "apimpublisherName": "Contoso",
    "alertRecipients": [
      "alerts@contoso.com"
    ],
    "clusterApplication": "e339d587-44e0-4d14-9d96-53eca83c3500",
    "clientApplication": "1ed6cff0-5226-4bb3-9055-096e9fc6feec",
    "sqlCredentialName": "localadmin",
    "ObjectIdLookup": {
      "Azure-App-203": "e8786166-1f90-4e5a-977c-40fbe495d670",
      "benwilk@Microsoft.com": "528b1170-7a6c-4970-94bb-0eb34e1ae947",
      "Microsoft.Azure.Frontdoor": "21bf1420-2ed9-48b9-bf6d-ece1337d4fd1"
    }
  }
}
