{
    "Global": {
        "hubRG": {
            "name": "P0"
        },
        "hubVN": {
            "name": "vn"
        },
        "hubKV": {
            "name": "VLT01"
        },
        "hubAA": {
            "name": "OMSAutomation"
        },
        "networkId": [
            "172.20.",
            142
        ],
        "DNSServers": [
            "172.20.142.75",
            "172.20.142.76"
        ],
        "AALocation": "EastUS",
        "RTName": "rtContoso-Hub"
    }
}