<Objs Version="1.1.0.1" xmlns="http://schemas.microsoft.com/powershell/2004/04">
  <Obj RefId="0">
    <TN RefId="0">
      <T>Microsoft.PowerShell.Commands.PSRepositoryItemInfo</T>
      <T>System.Management.Automation.PSCustomObject</T>
      <T>System.Object</T>
    </TN>
    <MS>
      <S N="Name">SecurityPolicyDsc</S>
      <S N="Version">2.10.0.0</S>
      <S N="Type">Module</S>
      <S N="Description">This module is a wrapper around secedit.exe which provides the ability to configure user rights assignments</S>
      <S N="Author">Microsoft Corporation</S>
      <Obj N="CompanyName" RefId="1">
        <TN RefId="1">
          <T>System.Object[]</T>
          <T>System.Array</T>
          <T>System.Object</T>
        </TN>
        <LST>
          <S>PowerShellTeam</S>
          <S>gaelcolas</S>
          <S>dsccommunity</S>
        </LST>
      </Obj>
      <S N="Copyright">(c) 2016 Microsoft. All rights reserved.</S>
      <DT N="PublishedDate">2019-09-19T02:32:09-07:00</DT>
      <Nil N="InstalledDate" />
      <Nil N="UpdatedDate" />
      <URI N="LicenseUri">https://github.com/PowerShell/SecurityPolicyDsc/blob/master/LICENSE</URI>
      <URI N="ProjectUri">https://github.com/PowerShell/SecurityPolicyDsc</URI>
      <Nil N="IconUri" />
      <Obj N="Tags" RefId="2">
        <TNRef RefId="1" />
        <LST>
          <S>DesiredStateConfiguration</S>
          <S>DSC</S>
          <S>DSCResourceKit</S>
          <S>DSCResource</S>
          <S>Secedit</S>
          <S>SecurityPolicyDsc</S>
          <S>PSModule</S>
        </LST>
      </Obj>
      <Obj N="Includes" RefId="3">
        <TN RefId="2">
          <T>System.Collections.Hashtable</T>
          <T>System.Object</T>
        </TN>
        <DCT>
          <En>
            <S N="Key">Workflow</S>
            <Obj N="Value" RefId="4">
              <TNRef RefId="1" />
              <LST />
            </Obj>
          </En>
          <En>
            <S N="Key">Function</S>
            <Ref N="Value" RefId="4" />
          </En>
          <En>
            <S N="Key">Cmdlet</S>
            <Ref N="Value" RefId="4" />
          </En>
          <En>
            <S N="Key">Command</S>
            <Ref N="Value" RefId="4" />
          </En>
          <En>
            <S N="Key">DscResource</S>
            <Obj N="Value" RefId="5">
              <TNRef RefId="1" />
              <LST>
                <S>AccountPolicy</S>
                <S>SecurityOption</S>
                <S>SecurityTemplate</S>
                <S>UserRightsAssignment</S>
              </LST>
            </Obj>
          </En>
          <En>
            <S N="Key">RoleCapability</S>
            <Ref N="Value" RefId="4" />
          </En>
        </DCT>
      </Obj>
      <Nil N="PowerShellGetFormatVersion" />
      <S N="ReleaseNotes">* Changes to SecurityPolicyDsc_x000D__x000A_  * Opt-in to the following DSC Resource Common Meta Tests:_x000D__x000A_    * Common Tests - Validate Module Files_x000D__x000A_    * Common Tests - Validate Script Files_x000D__x000A_    * Common Tests - Validate Markdown Files_x000D__x000A_    * Common Tests - Required Script Analyzer Rules_x000D__x000A_    * Common Tests - Flagged Script Analyzer Rules_x000D__x000A_    * Common Tests - New Error-Level Script Analyzer Rules_x000D__x000A_    * Common Tests - Custom Script Analyzer Rules_x000D__x000A_    * Common Tests - Validate Markdown Links_x000D__x000A_    * Common Tests - Relative Path Length_x000D__x000A_    * Common Tests - Validate Example Files_x000D__x000A_    * Common Tests - Validate Example Files To Be Published_x000D__x000A_  * Fix keywords to lower-case to align with guideline.</S>
      <Obj N="Dependencies" RefId="6">
        <TNRef RefId="1" />
        <LST />
      </Obj>
      <S N="RepositorySourceLocation">https://www.powershellgallery.com/api/v2</S>
      <S N="Repository">PSGallery</S>
      <S N="PackageManagementProvider">NuGet</S>
      <Obj N="AdditionalMetadata" RefId="7">
        <TN RefId="3">
          <T>System.Management.Automation.PSCustomObject</T>
          <T>System.Object</T>
        </TN>
        <MS>
          <S N="copyright">(c) 2016 Microsoft. All rights reserved.</S>
          <S N="description">This module is a wrapper around secedit.exe which provides the ability to configure user rights assignments</S>
          <S N="requireLicenseAcceptance">False</S>
          <S N="releaseNotes">* Changes to SecurityPolicyDsc_x000D__x000A_  * Opt-in to the following DSC Resource Common Meta Tests:_x000D__x000A_    * Common Tests - Validate Module Files_x000D__x000A_    * Common Tests - Validate Script Files_x000D__x000A_    * Common Tests - Validate Markdown Files_x000D__x000A_    * Common Tests - Required Script Analyzer Rules_x000D__x000A_    * Common Tests - Flagged Script Analyzer Rules_x000D__x000A_    * Common Tests - New Error-Level Script Analyzer Rules_x000D__x000A_    * Common Tests - Custom Script Analyzer Rules_x000D__x000A_    * Common Tests - Validate Markdown Links_x000D__x000A_    * Common Tests - Relative Path Length_x000D__x000A_    * Common Tests - Validate Example Files_x000D__x000A_    * Common Tests - Validate Example Files To Be Published_x000D__x000A_  * Fix keywords to lower-case to align with guideline.</S>
          <S N="isLatestVersion">True</S>
          <S N="isAbsoluteLatestVersion">False</S>
          <S N="versionDownloadCount">176598</S>
          <S N="downloadCount">391117</S>
          <S N="packageSize">75172</S>
          <S N="published">9/19/2019 2:32:09 AM -07:00</S>
          <S N="created">9/19/2019 2:32:09 AM -07:00</S>
          <S N="lastUpdated">3/10/2021 11:06:53 PM -08:00</S>
          <S N="tags">DesiredStateConfiguration DSC DSCResourceKit DSCResource Secedit SecurityPolicyDsc PSModule PSDscResource_AccountPolicy PSDscResource_SecurityOption PSDscResource_SecurityTemplate PSDscResource_UserRightsAssignment PSIncludes_DscResource</S>
          <S N="developmentDependency">False</S>
          <S N="updated">2021-03-10T23:06:53Z</S>
          <S N="NormalizedVersion">2.10.0</S>
          <S N="Authors">Microsoft Corporation</S>
          <S N="IsPrerelease">false</S>
          <S N="ItemType">Module</S>
          <S N="FileList">SecurityPolicyDsc.nuspec|LICENSE|README.md|SecurityPolicyDsc.psd1|DSCResources\MSFT_AccountPolicy\AccountPolicyData.psd1|DSCResources\MSFT_AccountPolicy\MSFT_AccountPolicy.psm1|DSCResources\MSFT_AccountPolicy\MSFT_AccountPolicy.schema.mof|DSCResources\MSFT_AccountPolicy\en-US\MSFT_AccountPolicy.strings.psd1|DSCResources\MSFT_SecurityOption\MSFT_SecurityOption.psm1|DSCResources\MSFT_SecurityOption\MSFT_SecurityOption.schema.mof|DSCResources\MSFT_SecurityOption\SecurityOptionData.psd1|DSCResources\MSFT_SecurityOption\en-US\MSFT_SecurityOption.strings.psd1|DSCResources\MSFT_SecurityTemplate\MSFT_SecurityTemplate.psm1|DSCResources\MSFT_SecurityTemplate\MSFT_SecurityTemplate.schema.mof|DSCResources\MSFT_SecurityTemplate\en-US\MSFT_SecurityTemplate.strings.psd1|DSCResources\MSFT_UserRightsAssignment\MSFT_UserRightsAssignment.psm1|DSCResources\MSFT_UserRightsAssignment\MSFT_UserRightsAssignment.schema.mof|DSCResources\MSFT_UserRightsAssignment\en-US\MSFT_UserRightsAssignment.strings.psd1|Examples\README.md|Examples\Resources\AccountPolicy\1-AccountPolicy_Config.ps1|Examples\Resources\AccountPolicy\2-AccountPolicy_KerberosPolicies_Config.ps1|Examples\Resources\SecurityOption\1-SecurityOption_Config.ps1|Examples\Resources\SecurityOption\2-SecurityOption_LogonMessage_Config.ps1|Examples\Resources\SecurityOption\3-SecurityOption_LogonMessageMultiLine_Config.ps1|Examples\Resources\SecurityOption\4-SecurityOption_Restricted_Remote_Call_To_Sam_Config.ps1|Examples\Resources\SecurityTemplate\1-SecurityTemplate_Config.ps1|Examples\Resources\UserRightsAssignment\1-UserRightsAssignment_Basic_Config.ps1|Examples\Resources\UserRightsAssignment\2-UserRightsAssignment_Remove_All_Identities_From_Policy_Config.ps1|Misc\MockObjects\MockResults.xml|Misc\TestHelpers\sample.inf|Misc\TestHelpers\TestIni.txt|Modules\SecurityPolicyResourceHelper\SecurityPolicyResourceHelper.psm1|Modules\SecurityPolicyResourceHelper\UserRightsFriendlyNameConversions.psd1|Modules\SecurityPolicyResourceHelper\en-US\SecurityPolicyResourceHelper.strings.psd1|Tests\Integration\MSFT_AccountPolicy.config.ps1|Tests\Integration\MSFT_AccountPolicy.Integration.tests.ps1|Tests\Integration\MSFT_SecurityOption.config.ps1|Tests\Integration\MSFT_SecurityOption.Integration.tests.ps1|Tests\Integration\MSFT_SecurityTemplate.config.ps1|Tests\Integration\MSFT_SecurityTemplate.Integration.tests.ps1|Tests\Integration\MSFT_UserRightsAssignment.config.ps1|Tests\Integration\MSFT_UserRightsAssignment.Integration.tests.ps1|Tests\Unit\MSFT_AccountPolicy.tests.ps1|Tests\Unit\MSFT_SecurityOption.tests.ps1|Tests\Unit\MSFT_SecurityTemplate.tests.ps1|Tests\Unit\MSFT_UserRightsAssignment.tests.ps1|Tests\Unit\SecurityPolicyResourceHelper.tests.ps1</S>
          <S N="GUID">e2b73194-69ef-4fa6-b949-9f62ebe04989</S>
          <S N="PowerShellVersion">4.0</S>
          <S N="CompanyName">Microsoft Corporation</S>
        </MS>
      </Obj>
      <S N="InstalledLocation">D:\Repos\AzureDeploymentFramework\ADF\1-PrereqsToDeploy\DSCResources\SecurityPolicyDsc\2.10.0.0</S>
    </MS>
  </Obj>
</Objs>
