{
  "Global": {
    "_hubSubscriptionID": "1f0713fe-9b12-4c8f-ab0c-26aba7aaa3e5",
    "OrgName": "BRW",
    "AppName": "ABC",
    "GlobalSA": {
      "name": "global"
    },
    "GlobalRG": {
      "RG": "G1"
    },
    "PrimaryLocation": "CentralUS",
    "SecondaryLocation": "EastUS2",
    "_IPAddressforRemoteAccess": [ // moved these to keyvault, remove "_" to use here
      "73.157.100.227/32",
      "157.100.170.101/32"
    ],
    "vmAdminUserName": "brw",
    "ADDomainName": "psthing.com",
    "DomainName": "psthing.com",
    "DomainNameExt": "psthing.com",
    "CertThumbprint": "48B8F2B8C7DE8115804B74D8CBB4488C53492E5F",
    "CertURLs": [
      "*.contoso.com",
      "*.psthing.com"
    ],
    "GHProject": "ADF",
    "ADOProject": "eshopondapr3",
    "ServicePrincipalAdmins": [
      "benwilk@microsoft.com"
    ],
    "apimPublisherEmail": "alerts@contoso.com",
    "alertRecipients": [
      "alerts@contoso.com"
    ],
    "clusterApplication": "e339d587-44e0-4d14-9d96-53eca83c3500",
    "clientApplication": "1ed6cff0-5226-4bb3-9055-096e9fc6feec",
    "sqlCredentialName": "localadmin",
    "ObjectIdLookup": {
      "benwilk@Microsoft.com": "b8214ecb-d982-402b-8185-ca909b853eec",
      "AzureDeploymentFramework_AZC1-BRW-ABC-RG-S1": "39420256-6589-4a68-a777-994809dc824b",
      "AzureDeploymentFramework_AZC1-BRW-ABC-RG-D2": "494b32a2-888f-42c5-8f44-688c18f7ab04",
      "AzureDeploymentFramework_AZC1-BRW-ABC-RG-T3": "5cf9039b-2c80-4e83-86cf-c3a383e067de",
      "AzureDeploymentFramework_AZE2-BRW-ABC-RG-S1": "29ff09fe-c261-46e9-9566-d4c834d1521f"
    }
  }
}
