<Objs Version="1.1.0.1" xmlns="http://schemas.microsoft.com/powershell/2004/04">
  <Obj RefId="0">
    <TN RefId="0">
      <T>Microsoft.PowerShell.Commands.PSRepositoryItemInfo</T>
      <T>System.Management.Automation.PSCustomObject</T>
      <T>System.Object</T>
    </TN>
    <MS>
      <S N="Name">ComputerManagementDsc</S>
      <Version N="Version">8.0.0</Version>
      <S N="Type">Module</S>
      <S N="Description">DSC resources for configuration of a Windows computer. These DSC resources allow you to perform computer management tasks, such as renaming the computer, joining a domain and scheduling tasks as well as configuring items such as virtual memory, event logs, time zones and power settings.</S>
      <S N="Author">DSC Community</S>
      <Obj N="CompanyName" RefId="1">
        <TN RefId="1">
          <T>System.Object[]</T>
          <T>System.Array</T>
          <T>System.Object</T>
        </TN>
        <LST>
          <S>PowerShellTeam</S>
          <S>gaelcolas</S>
          <S>dsccommunity</S>
        </LST>
      </Obj>
      <S N="Copyright">Copyright the DSC Community contributors. All rights reserved.</S>
      <DT N="PublishedDate">2020-02-14T08:15:58-08:00</DT>
      <Obj N="InstalledDate" RefId="2">
        <DT>2020-02-24T12:55:40.2112889-08:00</DT>
        <MS>
          <Obj N="DisplayHint" RefId="3">
            <TN RefId="2">
              <T>Microsoft.PowerShell.Commands.DisplayHintType</T>
              <T>System.Enum</T>
              <T>System.ValueType</T>
              <T>System.Object</T>
            </TN>
            <ToString>DateTime</ToString>
            <I32>2</I32>
          </Obj>
        </MS>
      </Obj>
      <Nil N="UpdatedDate" />
      <URI N="LicenseUri">https://github.com/dsccommunity/ComputerManagementDsc/blob/master/LICENSE</URI>
      <URI N="ProjectUri">https://github.com/dsccommunity/ComputerManagementDsc</URI>
      <URI N="IconUri">https://dsccommunity.org/images/DSC_Logo_300p.png</URI>
      <Obj N="Tags" RefId="4">
        <TNRef RefId="1" />
        <LST>
          <S>DesiredStateConfiguration</S>
          <S>DSC</S>
          <S>DSCResource</S>
          <S>PSModule</S>
        </LST>
      </Obj>
      <Obj N="Includes" RefId="5">
        <TN RefId="3">
          <T>System.Collections.Hashtable</T>
          <T>System.Object</T>
        </TN>
        <DCT>
          <En>
            <S N="Key">RoleCapability</S>
            <Obj N="Value" RefId="6">
              <TNRef RefId="1" />
              <LST />
            </Obj>
          </En>
          <En>
            <S N="Key">Cmdlet</S>
            <Ref N="Value" RefId="6" />
          </En>
          <En>
            <S N="Key">DscResource</S>
            <Obj N="Value" RefId="7">
              <TNRef RefId="1" />
              <LST>
                <S>Computer</S>
                <S>OfflineDomainJoin</S>
                <S>PendingReboot</S>
                <S>PowerPlan</S>
                <S>PowerShellExecutionPolicy</S>
                <S>RemoteDesktopAdmin</S>
                <S>ScheduledTask</S>
                <S>SmbServerConfiguration</S>
                <S>SmbShare</S>
                <S>SystemLocale</S>
                <S>TimeZone</S>
                <S>VirtualMemory</S>
                <S>WindowsEventLog</S>
                <S>WindowsCapability</S>
                <S>IEEnhancedSecurityConfiguration</S>
                <S>UserAccountControl</S>
              </LST>
            </Obj>
          </En>
          <En>
            <S N="Key">Command</S>
            <Ref N="Value" RefId="6" />
          </En>
          <En>
            <S N="Key">Workflow</S>
            <Ref N="Value" RefId="6" />
          </En>
          <En>
            <S N="Key">Function</S>
            <Ref N="Value" RefId="6" />
          </En>
        </DCT>
      </Obj>
      <Nil N="PowerShellGetFormatVersion" />
      <S N="ReleaseNotes">## [8.0.0] - 2020-02-14_x000A__x000D__x000A_### Added_x000D__x000A__x000D__x000A_- Added new resource IEEnhancedSecurityConfiguration (moved from module_x000D__x000A_  xSystemSecurity)._x000D__x000A_- Added new resource UserAccountControl (moved from module_x000D__x000A_  xSystemSecurity)._x000D__x000A__x000D__x000A_### Changed_x000D__x000A__x000D__x000A_- SmbShare:_x000D__x000A_  - Add parameter ScopeName to support creating shares in a different_x000D__x000A_    scope - Fixes [Issue #284](https://github.com/dsccommunity/ComputerManagementDsc/issues/284)._x000D__x000A_- Added `.gitattributes` to ensure CRLF is used when pulling repository - Fixes_x000D__x000A_  [Issue #290](https://github.com/dsccommunity/ComputerManagementDsc/issues/290)._x000D__x000A_- SystemLocale:_x000D__x000A_  - Migrated SystemLocale from [SystemLocaleDsc](https://github.com/PowerShell/SystemLocaleDsc)._x000D__x000A_- RemoteDesktopAdmin:_x000D__x000A_  - Correct Context messages in integration tests by adding 'When'._x000D__x000A_- WindowsCapability:_x000D__x000A_  - Change `Test-TargetResource` to remove test for valid LogPath._x000D__x000A_- BREAKING CHANGE: Changed resource prefix from MSFT to DSC._x000D__x000A_- Updated to use continuous delivery pattern using Azure DevOps - Fixes_x000D__x000A_  [Issue #295](https://github.com/dsccommunity/ComputerManagementDsc/issues/295)._x000D__x000A__x000D__x000A_### Deprecated_x000D__x000A__x000D__x000A_- None_x000D__x000A__x000D__x000A_### Removed_x000D__x000A__x000D__x000A_- None_x000D__x000A__x000D__x000A_### Fixed_x000D__x000A__x000D__x000A_- WindowsCapability:_x000D__x000A_  - Fix `A parameter cannot be found that matches parameter name 'Ensure'.`_x000D__x000A_    error in `Test-TargetResource` - Fixes [Issue #297](https://github.com/dsccommunity/ComputerManagementDsc/issues/297)._x000D__x000A__x000D__x000A_### Security_x000D__x000A__x000D__x000A_- None</S>
      <Obj N="Dependencies" RefId="8">
        <TNRef RefId="1" />
        <LST />
      </Obj>
      <S N="RepositorySourceLocation">https://www.powershellgallery.com/api/v2</S>
      <S N="Repository">PSGallery</S>
      <S N="PackageManagementProvider">NuGet</S>
      <Obj N="AdditionalMetadata" RefId="9">
        <TN RefId="4">
          <T>System.Management.Automation.PSCustomObject</T>
          <T>System.Object</T>
        </TN>
        <MS>
          <S N="copyright">Copyright the DSC Community contributors. All rights reserved.</S>
          <S N="description">DSC resources for configuration of a Windows computer. These DSC resources allow you to perform computer management tasks, such as renaming the computer, joining a domain and scheduling tasks as well as configuring items such as virtual memory, event logs, time zones and power settings.</S>
          <S N="requireLicenseAcceptance">False</S>
          <S N="releaseNotes">## [8.0.0] - 2020-02-14_x000A__x000D__x000A_### Added_x000D__x000A__x000D__x000A_- Added new resource IEEnhancedSecurityConfiguration (moved from module_x000D__x000A_  xSystemSecurity)._x000D__x000A_- Added new resource UserAccountControl (moved from module_x000D__x000A_  xSystemSecurity)._x000D__x000A__x000D__x000A_### Changed_x000D__x000A__x000D__x000A_- SmbShare:_x000D__x000A_  - Add parameter ScopeName to support creating shares in a different_x000D__x000A_    scope - Fixes [Issue #284](https://github.com/dsccommunity/ComputerManagementDsc/issues/284)._x000D__x000A_- Added `.gitattributes` to ensure CRLF is used when pulling repository - Fixes_x000D__x000A_  [Issue #290](https://github.com/dsccommunity/ComputerManagementDsc/issues/290)._x000D__x000A_- SystemLocale:_x000D__x000A_  - Migrated SystemLocale from [SystemLocaleDsc](https://github.com/PowerShell/SystemLocaleDsc)._x000D__x000A_- RemoteDesktopAdmin:_x000D__x000A_  - Correct Context messages in integration tests by adding 'When'._x000D__x000A_- WindowsCapability:_x000D__x000A_  - Change `Test-TargetResource` to remove test for valid LogPath._x000D__x000A_- BREAKING CHANGE: Changed resource prefix from MSFT to DSC._x000D__x000A_- Updated to use continuous delivery pattern using Azure DevOps - Fixes_x000D__x000A_  [Issue #295](https://github.com/dsccommunity/ComputerManagementDsc/issues/295)._x000D__x000A__x000D__x000A_### Deprecated_x000D__x000A__x000D__x000A_- None_x000D__x000A__x000D__x000A_### Removed_x000D__x000A__x000D__x000A_- None_x000D__x000A__x000D__x000A_### Fixed_x000D__x000A__x000D__x000A_- WindowsCapability:_x000D__x000A_  - Fix `A parameter cannot be found that matches parameter name 'Ensure'.`_x000D__x000A_    error in `Test-TargetResource` - Fixes [Issue #297](https://github.com/dsccommunity/ComputerManagementDsc/issues/297)._x000D__x000A__x000D__x000A_### Security_x000D__x000A__x000D__x000A_- None</S>
          <S N="isLatestVersion">True</S>
          <S N="isAbsoluteLatestVersion">True</S>
          <S N="versionDownloadCount">4058</S>
          <S N="downloadCount">520336</S>
          <S N="packageSize">92792</S>
          <S N="published">2/14/2020 8:15:58 AM -08:00</S>
          <S N="created">2/14/2020 8:15:58 AM -08:00</S>
          <S N="lastUpdated">2/24/2020 8:52:56 PM -08:00</S>
          <S N="tags">DesiredStateConfiguration DSC DSCResource PSModule PSDscResource_Computer PSDscResource_OfflineDomainJoin PSDscResource_PendingReboot PSDscResource_PowerPlan PSDscResource_PowerShellExecutionPolicy PSDscResource_RemoteDesktopAdmin PSDscResource_ScheduledTask PSDscResource_SmbServerConfiguration PSDscResource_SmbShare PSDscResource_SystemLocale PSDscResource_TimeZone PSDscResource_VirtualMemory PSDscResource_WindowsEventLog PSDscResource_WindowsCapability PSDscResource_IEEnhancedSecurityConfiguration PSDscResource_UserAccountControl PSIncludes_DscResource</S>
          <S N="developmentDependency">False</S>
          <S N="updated">2020-02-24T20:52:56Z</S>
          <S N="NormalizedVersion">8.0.0</S>
          <S N="Authors">DSC Community</S>
          <S N="IsPrerelease">false</S>
          <S N="ItemType">Module</S>
          <S N="FileList">ComputerManagementDsc.nuspec|ComputerManagementDsc.psd1|en-US\about_ComputerManagementDsc.help.txt|Modules\ComputerManagementDsc.Common\SetTimeZone.cs|Modules\ComputerManagementDsc.Common\ComputerManagementDsc.Common.psm1|DSCResources\DSC_WindowsEventLog\DSC_WindowsEventLog.schema.mof|DSCResources\DSC_WindowsEventLog\DSC_WindowsEventLog.psm1|DSCResources\DSC_WindowsEventLog\README.md|DSCResources\DSC_RemoteDesktopAdmin\DSC_RemoteDesktopAdmin.schema.mof|DSCResources\DSC_RemoteDesktopAdmin\DSC_RemoteDesktopAdmin.psm1|DSCResources\DSC_RemoteDesktopAdmin\README.md|DSCResources\DSC_SmbShare\DSC_SmbShare.schema.mof|DSCResources\DSC_SmbShare\README.md|DSCResources\DSC_SmbShare\DSC_SmbShare.psm1|DSCResources\DSC_PowerShellExecutionPolicy\DSC_PowerShellExecutionPolicy.schema.mof|DSCResources\DSC_PowerShellExecutionPolicy\DSC_PowerShellExecutionPolicy.psm1|DSCResources\DSC_PowerShellExecutionPolicy\README.md|DSCResources\DSC_ScheduledTask\DSC_ScheduledTask.schema.mof|DSCResources\DSC_ScheduledTask\README.md|DSCResources\DSC_ScheduledTask\DSC_ScheduledTask.psm1|DSCResources\DSC_TimeZone\DSC_TimeZone.schema.mof|DSCResources\DSC_TimeZone\README.md|DSCResources\DSC_TimeZone\DSC_TimeZone.psm1|DSCResources\DSC_WindowsCapability\DSC_WindowsCapability.psm1|DSCResources\DSC_WindowsCapability\DSC_WindowsCapability.schema.mof|DSCResources\DSC_WindowsCapability\README.md|DSCResources\DSC_PowerPlan\README.md|DSCResources\DSC_PowerPlan\DSC_PowerPlan.psm1|DSCResources\DSC_PowerPlan\DSC_PowerPlan.schema.mof|DSCResources\DSC_PendingReboot\README.md|DSCResources\DSC_PendingReboot\DSC_PendingReboot.schema.mof|DSCResources\DSC_PendingReboot\DSC_PendingReboot.psm1|DSCResources\DSC_IEEnhancedSecurityConfiguration\DSC_IEEnhancedSecurityConfiguration.psm1|DSCResources\DSC_IEEnhancedSecurityConfiguration\README.md|DSCResources\DSC_IEEnhancedSecurityConfiguration\DSC_IEEnhancedSecurityConfiguration.schema.mof|DSCResources\DSC_SmbServerConfiguration\DSC_SmbServerConfiguration.psm1|DSCResources\DSC_SmbServerConfiguration\README.md|DSCResources\DSC_SmbServerConfiguration\DSC_SmbServerConfiguration.data.psd1|DSCResources\DSC_SmbServerConfiguration\DSC_SmbServerConfiguration.schema.mof|DSCResources\DSC_SystemLocale\DSC_SystemLocale.schema.mof|DSCResources\DSC_SystemLocale\README.md|DSCResources\DSC_SystemLocale\DSC_SystemLocale.psm1|DSCResources\DSC_OfflineDomainJoin\DSC_OfflineDomainJoin.schema.mof|DSCResources\DSC_OfflineDomainJoin\README.md|DSCResources\DSC_OfflineDomainJoin\DSC_OfflineDomainJoin.psm1|DSCResources\DSC_UserAccountControl\DSC_UserAccountControl.schema.mof|DSCResources\DSC_UserAccountControl\DSC_UserAccountControl.psm1|DSCResources\DSC_UserAccountControl\README.md|DSCResources\DSC_VirtualMemory\DSC_VirtualMemory.schema.mof|DSCResources\DSC_VirtualMemory\README.md|DSCResources\DSC_VirtualMemory\DSC_VirtualMemory.psm1|DSCResources\DSC_Computer\DSC_Computer.psm1|DSCResources\DSC_Computer\DSC_Computer.schema.mof|DSCResources\DSC_Computer\README.md|Modules\ComputerManagementDsc.Common\en-US\ComputerManagementDsc.Common.strings.psd1|DSCResources\DSC_WindowsEventLog\en-US\DSC_WindowsEventLog.strings.psd1|DSCResources\DSC_RemoteDesktopAdmin\en-US\DSC_RemoteDesktopAdmin.strings.psd1|DSCResources\DSC_SmbShare\en-US\DSC_SmbShare.schema.mfl|DSCResources\DSC_SmbShare\en-US\DSC_SmbShare.strings.psd1|DSCResources\DSC_PowerShellExecutionPolicy\en-US\DSC_PowerShellExecutionPolicy.strings.psd1|DSCResources\DSC_ScheduledTask\en-US\DSC_ScheduledTask.strings.psd1|DSCResources\DSC_TimeZone\en-US\DSC_TimeZone.strings.psd1|DSCResources\DSC_WindowsCapability\en-US\DSC_WindowsCapability.strings.psd1|DSCResources\DSC_PowerPlan\en-US\DSC_PowerPlan.schema.mfl|DSCResources\DSC_PowerPlan\en-US\DSC_PowerPlan.strings.psd1|DSCResources\DSC_PendingReboot\en-US\DSC_PendingReboot.strings.psd1|DSCResources\DSC_PendingReboot\en-US\DSC_PendingReboot.data.psd1|DSCResources\DSC_IEEnhancedSecurityConfiguration\en-US\DSC_IEEnhancedSecurityConfiguration.strings.psd1|DSCResources\DSC_SmbServerConfiguration\en-US\DSC_SmbServerConfiguration.schema.mfl|DSCResources\DSC_SmbServerConfiguration\en-US\DSC_SmbServerConfiguration.strings.psd1|DSCResources\DSC_SystemLocale\en-US\DSC_SystemLocale.strings.psd1|DSCResources\DSC_OfflineDomainJoin\en-US\DSC_OfflineDomainJoin.strings.psd1|DSCResources\DSC_UserAccountControl\en-US\DSC_UserAccountControl.strings.psd1|DSCResources\DSC_VirtualMemory\en-US\DSC_VirtualMemory.strings.psd1|DSCResources\DSC_Computer\en-US\DSC_Computer.strings.psd1</S>
          <S N="GUID">B5004952-489E-43EA-999C-F16A25355B89</S>
          <S N="PowerShellVersion">4.0</S>
          <S N="CLRVersion">4.0</S>
          <S N="CompanyName">DSC Community</S>
        </MS>
      </Obj>
      <S N="InstalledLocation">D:\OneDrive\Documents\PowerShell\Modules\ComputerManagementDsc\8.0.0</S>
    </MS>
  </Obj>
</Objs>
