<Objs Version="1.1.0.1" xmlns="http://schemas.microsoft.com/powershell/2004/04">
  <Obj RefId="0">
    <TN RefId="0">
      <T>Microsoft.PowerShell.Commands.PSRepositoryItemInfo</T>
      <T>System.Management.Automation.PSCustomObject</T>
      <T>System.Object</T>
    </TN>
    <MS>
      <S N="Name">StorageDsc</S>
      <S N="Version">5.0.1</S>
      <S N="Type">Module</S>
      <S N="Description">DSC resources for managing storage on Windows Servers.</S>
      <S N="Author">DSC Community</S>
      <Obj N="CompanyName" RefId="1">
        <TN RefId="1">
          <T>System.Object[]</T>
          <T>System.Array</T>
          <T>System.Object</T>
        </TN>
        <LST>
          <S>PowerShellTeam</S>
          <S>gaelcolas</S>
          <S>dsccommunity</S>
        </LST>
      </Obj>
      <S N="Copyright">Copyright the DSC Community contributors. All rights reserved.</S>
      <DT N="PublishedDate">2020-08-03T07:02:51-07:00</DT>
      <Nil N="InstalledDate" />
      <Nil N="UpdatedDate" />
      <URI N="LicenseUri">https://github.com/dsccommunity/StorageDsc/blob/master/LICENSE</URI>
      <URI N="ProjectUri">https://github.com/dsccommunity/StorageDsc</URI>
      <URI N="IconUri">https://dsccommunity.org/images/DSC_Logo_300p.png</URI>
      <Obj N="Tags" RefId="2">
        <TNRef RefId="1" />
        <LST>
          <S>DesiredStateConfiguration</S>
          <S>DSC</S>
          <S>DSCResource</S>
          <S>Disk</S>
          <S>Storage</S>
          <S>Partition</S>
          <S>Volume</S>
          <S>PSModule</S>
        </LST>
      </Obj>
      <Obj N="Includes" RefId="3">
        <TN RefId="2">
          <T>System.Collections.Hashtable</T>
          <T>System.Object</T>
        </TN>
        <DCT>
          <En>
            <S N="Key">Workflow</S>
            <Obj N="Value" RefId="4">
              <TNRef RefId="1" />
              <LST />
            </Obj>
          </En>
          <En>
            <S N="Key">Function</S>
            <Ref N="Value" RefId="4" />
          </En>
          <En>
            <S N="Key">Cmdlet</S>
            <Ref N="Value" RefId="4" />
          </En>
          <En>
            <S N="Key">Command</S>
            <Ref N="Value" RefId="4" />
          </En>
          <En>
            <S N="Key">DscResource</S>
            <Obj N="Value" RefId="5">
              <TNRef RefId="1" />
              <LST>
                <S>DiskAccessPath</S>
                <S>MountImage</S>
                <S>OpticalDiskDriveLetter</S>
                <S>WaitForDisk</S>
                <S>WaitForVolume</S>
                <S>Disk</S>
              </LST>
            </Obj>
          </En>
          <En>
            <S N="Key">RoleCapability</S>
            <Ref N="Value" RefId="4" />
          </En>
        </DCT>
      </Obj>
      <Nil N="PowerShellGetFormatVersion" />
      <S N="ReleaseNotes">## [5.0.1] - 2020-08-03_x000A__x000D__x000A_### Changed_x000D__x000A__x000D__x000A_- Fixed build failures caused by changes in `ModuleBuilder` module v1.7.0_x000D__x000A_  by changing `CopyDirectories` to `CopyPaths` - Fixes [Issue #237](https://github.com/dsccommunity/StorageDsc/issues/237)._x000D__x000A_- Updated to use the common module _DscResource.Common_ - Fixes [Issue #234](https://github.com/dsccommunity/StorageDsc/issues/234)._x000D__x000A_- Pin `Pester` module to 4.10.1 because Pester 5.0 is missing code_x000D__x000A_  coverage - Fixes [Issue #238](https://github.com/dsccommunity/StorageDsc/issues/238)._x000D__x000A_- OpticalDiskDriveLetter:_x000D__x000A_  - Removed integration test that tests when a disk is not in the_x000D__x000A_    system as it is not a useful test, does not work correctly_x000D__x000A_    and is covered by unit tests - Fixes [Issue #240](https://github.com/dsccommunity/StorageDsc/issues/240)._x000D__x000A_- StorageDsc_x000D__x000A_  - Automatically publish documentation to GitHub Wiki - Fixes [Issue #241](https://github.com/dsccommunity/StorageDsc/issues/241)._x000D__x000A__x000D__x000A_### Fixed_x000D__x000A__x000D__x000A_- Disk:_x000D__x000A_  - Fix bug when multiple partitions with the same drive letter are_x000D__x000A_    reported by the disk subsystem - Fixes [Issue #210](https://github.com/dsccommunity/StorageDsc/issues/210).</S>
      <Obj N="Dependencies" RefId="6">
        <TNRef RefId="1" />
        <LST />
      </Obj>
      <S N="RepositorySourceLocation">https://www.powershellgallery.com/api/v2</S>
      <S N="Repository">PSGallery</S>
      <S N="PackageManagementProvider">NuGet</S>
      <Obj N="AdditionalMetadata" RefId="7">
        <TN RefId="3">
          <T>System.Management.Automation.PSCustomObject</T>
          <T>System.Object</T>
        </TN>
        <MS>
          <S N="copyright">Copyright the DSC Community contributors. All rights reserved.</S>
          <S N="description">DSC resources for managing storage on Windows Servers.</S>
          <S N="requireLicenseAcceptance">False</S>
          <S N="releaseNotes">## [5.0.1] - 2020-08-03_x000A__x000D__x000A_### Changed_x000D__x000A__x000D__x000A_- Fixed build failures caused by changes in `ModuleBuilder` module v1.7.0_x000D__x000A_  by changing `CopyDirectories` to `CopyPaths` - Fixes [Issue #237](https://github.com/dsccommunity/StorageDsc/issues/237)._x000D__x000A_- Updated to use the common module _DscResource.Common_ - Fixes [Issue #234](https://github.com/dsccommunity/StorageDsc/issues/234)._x000D__x000A_- Pin `Pester` module to 4.10.1 because Pester 5.0 is missing code_x000D__x000A_  coverage - Fixes [Issue #238](https://github.com/dsccommunity/StorageDsc/issues/238)._x000D__x000A_- OpticalDiskDriveLetter:_x000D__x000A_  - Removed integration test that tests when a disk is not in the_x000D__x000A_    system as it is not a useful test, does not work correctly_x000D__x000A_    and is covered by unit tests - Fixes [Issue #240](https://github.com/dsccommunity/StorageDsc/issues/240)._x000D__x000A_- StorageDsc_x000D__x000A_  - Automatically publish documentation to GitHub Wiki - Fixes [Issue #241](https://github.com/dsccommunity/StorageDsc/issues/241)._x000D__x000A__x000D__x000A_### Fixed_x000D__x000A__x000D__x000A_- Disk:_x000D__x000A_  - Fix bug when multiple partitions with the same drive letter are_x000D__x000A_    reported by the disk subsystem - Fixes [Issue #210](https://github.com/dsccommunity/StorageDsc/issues/210).</S>
          <S N="isLatestVersion">True</S>
          <S N="isAbsoluteLatestVersion">False</S>
          <S N="versionDownloadCount">41922</S>
          <S N="downloadCount">375461</S>
          <S N="packageSize">55468</S>
          <S N="published">8/3/2020 7:02:51 AM -07:00</S>
          <S N="created">8/3/2020 7:02:51 AM -07:00</S>
          <S N="lastUpdated">3/10/2021 11:21:53 PM -08:00</S>
          <S N="tags">DesiredStateConfiguration DSC DSCResource Disk Storage Partition Volume PSModule PSDscResource_DiskAccessPath PSDscResource_MountImage PSDscResource_OpticalDiskDriveLetter PSDscResource_WaitForDisk PSDscResource_WaitForVolume PSDscResource_Disk PSIncludes_DscResource</S>
          <S N="developmentDependency">False</S>
          <S N="updated">2021-03-10T23:21:53Z</S>
          <S N="NormalizedVersion">5.0.1</S>
          <S N="Authors">DSC Community</S>
          <S N="IsPrerelease">false</S>
          <S N="ItemType">Module</S>
          <S N="FileList">StorageDsc.nuspec|StorageDsc.psd1|en-US\about_StorageDsc.help.txt|Modules\StorageDsc.Common\StorageDsc.Common.psm1|DSCResources\DSC_MountImage\DSC_MountImage.schema.mof|DSCResources\DSC_MountImage\README.md|DSCResources\DSC_MountImage\DSC_MountImage.psm1|DSCResources\DSC_WaitForDisk\README.md|DSCResources\DSC_WaitForDisk\DSC_WaitForDisk.schema.mof|DSCResources\DSC_WaitForDisk\DSC_WaitForDisk.psm1|DSCResources\DSC_OpticalDiskDriveLetter\DSC_OpticalDiskDriveLetter.schema.mof|DSCResources\DSC_OpticalDiskDriveLetter\README.md|DSCResources\DSC_OpticalDiskDriveLetter\DSC_OpticalDiskDriveLetter.psm1|DSCResources\DSC_DiskAccessPath\README.md|DSCResources\DSC_DiskAccessPath\DSC_DiskAccessPath.psm1|DSCResources\DSC_DiskAccessPath\DSC_DiskAccessPath.schema.mof|DSCResources\DSC_Disk\README.md|DSCResources\DSC_Disk\DSC_Disk.schema.mof|DSCResources\DSC_Disk\DSC_Disk.psm1|DSCResources\DSC_WaitForVolume\README.md|DSCResources\DSC_WaitForVolume\DSC_WaitForVolume.schema.mof|DSCResources\DSC_WaitForVolume\DSC_WaitForVolume.psm1|Modules\StorageDsc.Common\en-US\StorageDsc.Common.strings.psd1|Modules\DscResource.Common\0.9.3\DscResource.Common.psm1|Modules\DscResource.Common\0.9.3\DscResource.Common.psd1|DSCResources\DSC_MountImage\en-US\DSC_MountImage.strings.psd1|DSCResources\DSC_WaitForDisk\en-US\DSC_WaitForDisk.strings.psd1|DSCResources\DSC_OpticalDiskDriveLetter\en-US\DSC_OpticalDiskDriveLetter.strings.psd1|DSCResources\DSC_DiskAccessPath\en-US\DSC_DiskAccessPath.strings.psd1|DSCResources\DSC_Disk\en-US\DSC_Disk.strings.psd1|DSCResources\DSC_WaitForVolume\en-US\DSC_WaitForVolume.strings.psd1|Modules\DscResource.Common\0.9.3\en-US\DscResource.Common.strings.psd1|Modules\DscResource.Common\0.9.3\en-US\about_DscResource.Common.help.txt</S>
          <S N="GUID">00d73ca1-58b5-46b7-ac1a-5bfcf5814faf</S>
          <S N="PowerShellVersion">4.0</S>
          <S N="CLRVersion">4.0</S>
          <S N="CompanyName">DSC Community</S>
        </MS>
      </Obj>
      <S N="InstalledLocation">D:\Repos\AzureDeploymentFramework\ADF\1-PrereqsToDeploy\DSCResources\StorageDsc\5.0.1</S>
    </MS>
  </Obj>
</Objs>
